checkpoint,episode,episode_length,episode_return,mean_coverage_rate,mean_mean_transport_rate,mean_num_delivered_cargoes,mean_real_coverage_rate,scenario,seed
checkpoints/tcqmix_MATE-2v4-9/tcqmix_MATE-2v4-9_seed0/tcqmix_20260525-203229.pt,0,1296,-0.9318750055972487,0.044945987654320986,0.8592241976666951,16.9375,0.05324074074074074,MATE-2v4-9,0
checkpoints/tcqmix_MATE-2v4-9/tcqmix_MATE-2v4-9_seed0/tcqmix_20260525-203229.pt,1,1119,-0.9243750005261973,0.05518319928507596,0.8628793665272423,15.841823056300267,0.05600238308013107,MATE-2v4-9,0
checkpoints/tcqmix_MATE-2v4-9/tcqmix_MATE-2v4-9_seed0/tcqmix_20260525-203229.pt,2,978,-0.9671874975319952,0.026840490797546013,0.880664270895564,15.738241308793455,0.026840490797546013,MATE-2v4-9,0
checkpoints/tcqmix_MATE-2v4-9/tcqmix_MATE-2v4-9_seed0/tcqmix_20260525-203229.pt,3,1239,-0.98000000230968,0.05367231638418079,0.9353794851117329,17.379338175948345,0.017890772128060263,MATE-2v4-9,0
checkpoints/tcqmix_MATE-2v4-9/tcqmix_MATE-2v4-9_seed0/tcqmix_20260525-203229.pt,4,1149,-0.9356249967531767,0.044821583986074845,0.9124473322527324,16.887728459530027,0.05366985784740354,MATE-2v4-9,0
checkpoints/tcqmix_MATE-2v4-9/tcqmix_MATE-2v4-9_seed0/tcqmix_20260525-203229.pt,5,1153,-0.9565625047252979,0.030138768430182133,0.9080203298012722,16.758889852558543,0.03707718993928881,MATE-2v4-9,0
checkpoints/tcqmix_MATE-2v4-9/tcqmix_MATE-2v4-9_seed0/tcqmix_20260525-203229.pt,6,1270,-0.9184374973992817,0.07874015748031496,0.901967447569159,17.306299212598425,0.07906824146981627,MATE-2v4-9,0
checkpoints/tcqmix_MATE-2v4-9/tcqmix_MATE-2v4-9_seed0/tcqmix_20260525-203229.pt,7,1108,-0.9768750002549496,0.016696750902527077,0.9246612782401749,17.005415162454874,0.018351383874849577,MATE-2v4-9,0
checkpoints/tcqmix_MATE-2v4-9/tcqmix_MATE-2v4-9_seed0/tcqmix_20260525-203229.pt,8,1306,-0.9187500028347131,0.04977029096477795,0.8930794874623691,17.968606431852987,0.07267738642164369,MATE-2v4-9,0
checkpoints/tcqmix_MATE-2v4-9/tcqmix_MATE-2v4-9_seed0/tcqmix_20260525-203229.pt,9,1097,-0.950625002180459,0.05309936189608022,0.8941506530126342,18.068368277119415,0.04132482528106958,MATE-2v4-9,0
checkpoints/tcqmix_MATE-2v4-9/tcqmix_MATE-2v4-9_seed0/tcqmix_20260525-203229.pt,10,1615,-0.93468750079046,0.0565015479876161,0.8837315410338908,17.876160990712073,0.05128998968008257,MATE-2v4-9,0
checkpoints/tcqmix_MATE-2v4-9/tcqmix_MATE-2v4-9_seed0/tcqmix_20260525-203229.pt,11,1292,-0.935312504065223,0.04721362229102167,0.9067050791858345,18.112229102167184,0.051470588235294115,MATE-2v4-9,0
checkpoints/tcqmix_MATE-2v4-9/tcqmix_MATE-2v4-9_seed0/tcqmix_20260525-203229.pt,12,1557,-0.8596875018556602,0.07209377007064868,0.8266587324743188,19.04945407835581,0.0831192464140441,MATE-2v4-9,0
checkpoints/tcqmix_MATE-2v4-9/tcqmix_MATE-2v4-9_seed0/tcqmix_20260525-203229.pt,13,1240,-0.9762500041397288,0.01532258064516129,0.8995725191574674,17.806451612903224,0.017137096774193547,MATE-2v4-9,0
checkpoints/tcqmix_MATE-2v4-9/tcqmix_MATE-2v4-9_seed0/tcqmix_20260525-203229.pt,14,1243,-0.9271875043050386,0.04827031375703942,0.8800256933324632,17.46580852775543,0.05309734513274336,MATE-2v4-9,0
checkpoints/tcqmix_MATE-2v4-9/tcqmix_MATE-2v4-9_seed0/tcqmix_20260525-203229.pt,15,1193,-0.9556249977322295,0.036462699077954734,0.9108479083955944,18.019279128248115,0.03213188041352333,MATE-2v4-9,0
checkpoints/tcqmix_MATE-2v4-9/tcqmix_MATE-2v4-9_seed0/tcqmix_20260525-203229.pt,16,1398,-0.9606250007345807,0.04238197424892704,0.9108985167947721,16.84549356223176,0.024320457796852647,MATE-2v4-9,0
checkpoints/tcqmix_MATE-2v4-9/tcqmix_MATE-2v4-9_seed0/tcqmix_20260525-203229.pt,17,1159,-0.9562499992898665,0.030198446937014668,0.9079937564904905,17.142364106988783,0.039186079953983315,MATE-2v4-9,0
checkpoints/tcqmix_MATE-2v4-9/tcqmix_MATE-2v4-9_seed0/tcqmix_20260525-203229.pt,18,1278,-0.974687503039604,0.022887323943661973,0.9315480931483313,17.150234741784036,0.019431403234220133,MATE-2v4-9,0
checkpoints/tcqmix_MATE-2v4-9/tcqmix_MATE-2v4-9_seed0/tcqmix_20260525-203229.pt,19,1392,-0.8950000058393925,0.06519396551724138,0.8454636821998872,17.0625,0.08752394636015325,MATE-2v4-9,0
checkpoints/tcqmix_MATE-2v4-9/tcqmix_MATE-2v4-9_seed0/tcqmix_20260525-203229.pt,20,1114,-0.9537500005098991,0.0466786355475763,0.8927389020810087,17.50718132854578,0.037178336325553556,MATE-2v4-9,0
checkpoints/tcqmix_MATE-2v4-9/tcqmix_MATE-2v4-9_seed0/tcqmix_20260525-203229.pt,21,1427,-0.9606250005890615,0.05536089698668535,0.9394090274367536,19.283812193412754,0.042922214435879465,MATE-2v4-9,0
checkpoints/tcqmix_MATE-2v4-9/tcqmix_MATE-2v4-9_seed0/tcqmix_20260525-203229.pt,22,1385,-0.9565624972747173,0.038447653429602886,0.9282824296020987,17.04187725631769,0.05367027677496991,MATE-2v4-9,0
checkpoints/tcqmix_MATE-2v4-9/tcqmix_MATE-2v4-9_seed0/tcqmix_20260525-203229.pt,23,1234,-0.9756250008649658,0.02572933549432739,0.9031453144834747,17.94489465153971,0.015802269043760128,MATE-2v4-9,0
checkpoints/tcqmix_MATE-2v4-9/tcqmix_MATE-2v4-9_seed0/tcqmix_20260525-203229.pt,24,1478,-0.9065625033399556,0.05057510148849797,0.8665654551843948,16.994587280108256,0.07228236355435273,MATE-2v4-9,0
checkpoints/tcqmix_MATE-2v4-9/tcqmix_MATE-2v4-9_seed0/tcqmix_20260525-203229.pt,25,1356,-0.9825000012351666,0.015671091445427728,0.9349463854083137,19.249262536873157,0.011000491642084562,MATE-2v4-9,0
checkpoints/tcqmix_MATE-2v4-9/tcqmix_MATE-2v4-9_seed0/tcqmix_20260525-203229.pt,26,1256,-0.9303125007718336,0.04796974522292994,0.88741714441696,17.187101910828027,0.07152335456475584,MATE-2v4-9,0
checkpoints/tcqmix_MATE-2v4-9/tcqmix_MATE-2v4-9_seed0/tcqmix_20260525-203229.pt,27,1338,-0.9718749994062819,0.029334828101644245,0.9261121166244368,16.90134529147982,0.01949427005480817,MATE-2v4-9,0
checkpoints/tcqmix_MATE-2v4-9/tcqmix_MATE-2v4-9_seed0/tcqmix_20260525-203229.pt,28,1145,-0.9578125022526365,0.02947598253275109,0.8816444864685946,17.18427947598253,0.02947598253275109,MATE-2v4-9,0
checkpoints/tcqmix_MATE-2v4-9/tcqmix_MATE-2v4-9_seed0/tcqmix_20260525-203229.pt,29,1107,-0.9515624994237442,0.051942186088527555,0.8920507649535533,17.194218608852754,0.03929539295392954,MATE-2v4-9,0
checkpoints/tcqmix_MATE-2v4-9/tcqmix_MATE-2v4-9_seed0/tcqmix_20260525-203229.pt,0,1210,-0.960000001185108,0.026446280991735537,0.8926020218403362,17.266942148760332,0.026446280991735537,MATE-2v4-9,1
checkpoints/tcqmix_MATE-2v4-9/tcqmix_MATE-2v4-9_seed0/tcqmix_20260525-203229.pt,1,1350,-0.8915625039371662,0.06425925925925927,0.8868101360890178,18.123703703703704,0.0824074074074074,MATE-2v4-9,1
checkpoints/tcqmix_MATE-2v4-9/tcqmix_MATE-2v4-9_seed0/tcqmix_20260525-203229.pt,2,1124,-0.9512500018754508,0.04359430604982206,0.8870015119477033,17.08274021352313,0.035142348754448396,MATE-2v4-9,1
checkpoints/tcqmix_MATE-2v4-9/tcqmix_MATE-2v4-9_seed0/tcqmix_20260525-203229.pt,3,1169,-0.9350000022095628,0.0481180496150556,0.8715609095167977,16.876817792985456,0.049044767607641856,MATE-2v4-9,1
checkpoints/tcqmix_MATE-2v4-9/tcqmix_MATE-2v4-9_seed0/tcqmix_20260525-203229.pt,4,1359,-0.9146875019650906,0.06788079470198675,0.8497116967150884,17.87049300956586,0.0575177826833456,MATE-2v4-9,1
checkpoints/tcqmix_MATE-2v4-9/tcqmix_MATE-2v4-9_seed0/tcqmix_20260525-203229.pt,5,1354,-0.970624999870779,0.030096011816838995,0.9257999415223093,17.689069423929098,0.02683407188577056,MATE-2v4-9,1
checkpoints/tcqmix_MATE-2v4-9/tcqmix_MATE-2v4-9_seed0/tcqmix_20260525-203229.pt,6,1144,-0.9787500013480894,0.017045454545454544,0.9246916522572635,18.102272727272727,0.014932983682983682,MATE-2v4-9,1
checkpoints/tcqmix_MATE-2v4-9/tcqmix_MATE-2v4-9_seed0/tcqmix_20260525-203229.pt,7,1448,-0.9590625033597462,0.029005524861878452,0.9085765135932797,18.816988950276244,0.027681860036832408,MATE-2v4-9,1
checkpoints/tcqmix_MATE-2v4-9/tcqmix_MATE-2v4-9_seed0/tcqmix_20260525-203229.pt,8,1222,-0.9290624979475979,0.06157937806873977,0.8538516802636702,18.027004909983635,0.050463720676486634,MATE-2v4-9,1
checkpoints/tcqmix_MATE-2v4-9/tcqmix_MATE-2v4-9_seed0/tcqmix_20260525-203229.pt,9,1149,-0.9168750015960541,0.058311575282854654,0.8660932319002178,16.321148825065276,0.07528285465622281,MATE-2v4-9,1
checkpoints/tcqmix_MATE-2v4-9/tcqmix_MATE-2v4-9_seed0/tcqmix_20260525-203229.pt,10,1213,-0.9428125005506445,0.05420445177246496,0.871795071696013,17.67353668590272,0.0377164056059357,MATE-2v4-9,1
checkpoints/tcqmix_MATE-2v4-9/tcqmix_MATE-2v4-9_seed0/tcqmix_20260525-203229.pt,11,1215,-0.959374999627471,0.03930041152263374,0.9394242944829807,17.637037037037036,0.037448559670781895,MATE-2v4-9,1
checkpoints/tcqmix_MATE-2v4-9/tcqmix_MATE-2v4-9_seed0/tcqmix_20260525-203229.pt,12,1645,-0.9115625006088521,0.05638297872340425,0.8566527408410308,19.891185410334348,0.0472644376899696,MATE-2v4-9,1
checkpoints/tcqmix_MATE-2v4-9/tcqmix_MATE-2v4-9_seed0/tcqmix_20260525-203229.pt,13,1080,-0.9309375006123446,0.06550925925925925,0.8823647372933404,16.95277777777778,0.07438271604938271,MATE-2v4-9,1
checkpoints/tcqmix_MATE-2v4-9/tcqmix_MATE-2v4-9_seed0/tcqmix_20260525-203229.pt,14,1132,-0.9796875008905772,0.01435512367491166,0.9263559075580388,16.59982332155477,0.01435512367491166,MATE-2v4-9,1
checkpoints/tcqmix_MATE-2v4-9/tcqmix_MATE-2v4-9_seed0/tcqmix_20260525-203229.pt,15,1225,-0.9781250016530976,0.025306122448979593,0.926605313149389,17.071020408163264,0.014285714285714285,MATE-2v4-9,1
checkpoints/tcqmix_MATE-2v4-9/tcqmix_MATE-2v4-9_seed0/tcqmix_20260525-203229.pt,16,1277,-0.9218750014551915,0.054228660924040724,0.8805852144640611,16.925606891151137,0.06982511093709215,MATE-2v4-9,1
checkpoints/tcqmix_MATE-2v4-9/tcqmix_MATE-2v4-9_seed0/tcqmix_20260525-203229.pt,17,1337,-0.9384375025401823,0.03683620044876589,0.8599905183193228,18.384442782348543,0.05117177761156818,MATE-2v4-9,1
checkpoints/tcqmix_MATE-2v4-9/tcqmix_MATE-2v4-9_seed0/tcqmix_20260525-203229.pt,18,1112,-0.92999999949825,0.050359712230215826,0.8961572696392865,15.880395683453237,0.05440647482014388,MATE-2v4-9,1
checkpoints/tcqmix_MATE-2v4-9/tcqmix_MATE-2v4-9_seed0/tcqmix_20260525-203229.pt,19,1410,-0.9462500021618325,0.038120567375886524,0.8878818436648012,18.427659574468084,0.03280141843971631,MATE-2v4-9,1
checkpoints/tcqmix_MATE-2v4-9/tcqmix_MATE-2v4-9_seed0/tcqmix_20260525-203229.pt,20,1270,-0.9700000020384323,0.04074803149606299,0.9231430312809074,17.615748031496064,0.019553805774278215,MATE-2v4-9,1
checkpoints/tcqmix_MATE-2v4-9/tcqmix_MATE-2v4-9_seed0/tcqmix_20260525-203229.pt,21,1250,-0.9518749976996332,0.0356,0.8964995406464082,17.1944,0.0448,MATE-2v4-9,1
checkpoints/tcqmix_MATE-2v4-9/tcqmix_MATE-2v4-9_seed0/tcqmix_20260525-203229.pt,22,1545,-0.9537500005098991,0.0482200647249191,0.9095346535284059,19.898381877022654,0.04525350593311759,MATE-2v4-9,1
checkpoints/tcqmix_MATE-2v4-9/tcqmix_MATE-2v4-9_seed0/tcqmix_20260525-203229.pt,23,1400,-0.9287499983911403,0.062142857142857146,0.9073375307871817,18.62142857142857,0.05738095238095238,MATE-2v4-9,1
checkpoints/tcqmix_MATE-2v4-9/tcqmix_MATE-2v4-9_seed0/tcqmix_20260525-203229.pt,24,1333,-0.9418750044424087,0.03675918979744936,0.8708596643730638,18.197299324831206,0.043635908977244314,MATE-2v4-9,1
checkpoints/tcqmix_MATE-2v4-9/tcqmix_MATE-2v4-9_seed0/tcqmix_20260525-203229.pt,25,1138,-0.9440625016577542,0.043936731107205626,0.9370161424115317,16.911247803163445,0.05411540714704159,MATE-2v4-9,1
checkpoints/tcqmix_MATE-2v4-9/tcqmix_MATE-2v4-9_seed0/tcqmix_20260525-203229.pt,26,1399,-0.9037500034319237,0.05986418870621873,0.849750016284667,16.768406004288778,0.07505360972122944,MATE-2v4-9,1
checkpoints/tcqmix_MATE-2v4-9/tcqmix_MATE-2v4-9_seed0/tcqmix_20260525-203229.pt,27,1133,-0.9706250014423858,0.02912621359223301,0.8915406043217794,15.170344218887909,0.020741394527802295,MATE-2v4-9,1
checkpoints/tcqmix_MATE-2v4-9/tcqmix_MATE-2v4-9_seed0/tcqmix_20260525-203229.pt,28,1031,-0.9637499993550591,0.028128031037827354,0.8778451675483102,17.38215324927255,0.028128031037827354,MATE-2v4-9,1
checkpoints/tcqmix_MATE-2v4-9/tcqmix_MATE-2v4-9_seed0/tcqmix_20260525-203229.pt,29,1566,-0.9125000010244548,0.06226053639846743,0.8662557348179893,18.995530012771393,0.050553426990208594,MATE-2v4-9,1
checkpoints/tcqmix_MATE-2v4-9/tcqmix_MATE-2v4-9_seed0/tcqmix_20260525-203229.pt,0,1302,-0.95874999978696,0.026881720430107527,0.8867555277976165,17.05069124423963,0.026049667178699436,MATE-2v4-9,2
checkpoints/tcqmix_MATE-2v4-9/tcqmix_MATE-2v4-9_seed0/tcqmix_20260525-203229.pt,1,1313,-0.9565625030081719,0.029512566641279513,0.92017419007521,17.53998476770754,0.029893373952779894,MATE-2v4-9,2
checkpoints/tcqmix_MATE-2v4-9/tcqmix_MATE-2v4-9_seed0/tcqmix_20260525-203229.pt,2,1112,-0.9434375038254075,0.044739208633093525,0.8727737769570469,15.969424460431656,0.040692446043165464,MATE-2v4-9,2
checkpoints/tcqmix_MATE-2v4-9/tcqmix_MATE-2v4-9_seed0/tcqmix_20260525-203229.pt,3,1304,-0.9768750001094304,0.025690184049079755,0.9207871168558796,17.665644171779142,0.014187116564417178,MATE-2v4-9,2
checkpoints/tcqmix_MATE-2v4-9/tcqmix_MATE-2v4-9_seed0/tcqmix_20260525-203229.pt,4,1414,-0.9040625006891787,0.07231258840169731,0.8525580972199337,17.82319660537482,0.07873644507307874,MATE-2v4-9,2
checkpoints/tcqmix_MATE-2v4-9/tcqmix_MATE-2v4-9_seed0/tcqmix_20260525-203229.pt,5,1301,-0.964375000767177,0.02959262106072252,0.9097641120023687,17.615680245964644,0.024404304381245197,MATE-2v4-9,2
checkpoints/tcqmix_MATE-2v4-9/tcqmix_MATE-2v4-9_seed0/tcqmix_20260525-203229.pt,6,1162,-0.9618750042864121,0.028399311531841654,0.9071587140851411,16.874354561101548,0.026247848537005163,MATE-2v4-9,2
checkpoints/tcqmix_MATE-2v4-9/tcqmix_MATE-2v4-9_seed0/tcqmix_20260525-203229.pt,7,1165,-0.9484375013853423,0.03540772532188841,0.8575929405115782,16.071244635193132,0.05407725321888412,MATE-2v4-9,2
checkpoints/tcqmix_MATE-2v4-9/tcqmix_MATE-2v4-9_seed0/tcqmix_20260525-203229.pt,8,1169,-0.9228125031513628,0.05688622754491018,0.8406717544290395,17.179640718562876,0.05282292557741659,MATE-2v4-9,2
checkpoints/tcqmix_MATE-2v4-9/tcqmix_MATE-2v4-9_seed0/tcqmix_20260525-203229.pt,9,1208,-0.9284375022689346,0.06415562913907284,0.8760621948555414,17.67798013245033,0.07001931567328917,MATE-2v4-9,2
checkpoints/tcqmix_MATE-2v4-9/tcqmix_MATE-2v4-9_seed0/tcqmix_20260525-203229.pt,10,1182,-0.9181249991233926,0.0583756345177665,0.9026035844936139,17.838409475465312,0.06366328257191202,MATE-2v4-9,2
checkpoints/tcqmix_MATE-2v4-9/tcqmix_MATE-2v4-9_seed0/tcqmix_20260525-203229.pt,11,1165,-0.9575000025506597,0.04570815450643777,0.9151868279397122,17.261802575107296,0.031902718168812585,MATE-2v4-9,2
checkpoints/tcqmix_MATE-2v4-9/tcqmix_MATE-2v4-9_seed0/tcqmix_20260525-203229.pt,12,1088,-0.9687500022118911,0.023667279411764705,0.9258870128723397,16.966911764705884,0.031479779411764705,MATE-2v4-9,2
checkpoints/tcqmix_MATE-2v4-9/tcqmix_MATE-2v4-9_seed0/tcqmix_20260525-203229.pt,13,1105,-0.9403125016251579,0.04773755656108597,0.8798778422952594,16.97737556561086,0.04321266968325792,MATE-2v4-9,2
checkpoints/tcqmix_MATE-2v4-9/tcqmix_MATE-2v4-9_seed0/tcqmix_20260525-203229.pt,14,1285,-0.9712500011373777,0.03365758754863813,0.9247138945664817,18.557198443579768,0.0245136186770428,MATE-2v4-9,2
checkpoints/tcqmix_MATE-2v4-9/tcqmix_MATE-2v4-9_seed0/tcqmix_20260525-203229.pt,15,1271,-0.9443750015052501,0.04209284028324154,0.877653928714361,17.672698662470495,0.04451875163912929,MATE-2v4-9,2
checkpoints/tcqmix_MATE-2v4-9/tcqmix_MATE-2v4-9_seed0/tcqmix_20260525-203229.pt,16,1229,-0.9253125014947727,0.048616761594792515,0.8735089824883492,18.00813669650122,0.049294819636560884,MATE-2v4-9,2
checkpoints/tcqmix_MATE-2v4-9/tcqmix_MATE-2v4-9_seed0/tcqmix_20260525-203229.pt,17,1518,-0.9278125021373853,0.045454545454545456,0.871917680564501,18.076416337285902,0.04539964866051823,MATE-2v4-9,2
checkpoints/tcqmix_MATE-2v4-9/tcqmix_MATE-2v4-9_seed0/tcqmix_20260525-203229.pt,18,1096,-0.9634375018067658,0.03193430656934307,0.9355428912342028,17.7007299270073,0.04333941605839416,MATE-2v4-9,2
checkpoints/tcqmix_MATE-2v4-9/tcqmix_MATE-2v4-9_seed0/tcqmix_20260525-203229.pt,19,1197,-0.9325000034295954,0.04824561403508772,0.9084373996488891,16.950710108604845,0.06648565859092176,MATE-2v4-9,2
checkpoints/tcqmix_MATE-2v4-9/tcqmix_MATE-2v4-9_seed0/tcqmix_20260525-203229.pt,20,1108,-0.9465625023003668,0.03858303249097473,0.8856878226352589,16.588447653429604,0.04963898916967509,MATE-2v4-9,2
checkpoints/tcqmix_MATE-2v4-9/tcqmix_MATE-2v4-9_seed0/tcqmix_20260525-203229.pt,21,1413,-0.9643749989045318,0.02689313517338995,0.919358575812366,18.581033262561924,0.0223519698041991,MATE-2v4-9,2
checkpoints/tcqmix_MATE-2v4-9/tcqmix_MATE-2v4-9_seed0/tcqmix_20260525-203229.pt,22,1114,-0.9731250003678724,0.026032315978456014,0.915197448749853,16.692998204667862,0.019299820466786355,MATE-2v4-9,2
checkpoints/tcqmix_MATE-2v4-9/tcqmix_MATE-2v4-9_seed0/tcqmix_20260525-203229.pt,23,1275,-0.9600000031932723,0.025098039215686273,0.9186781277353767,18.303529411764707,0.029084967320261435,MATE-2v4-9,2
checkpoints/tcqmix_MATE-2v4-9/tcqmix_MATE-2v4-9_seed0/tcqmix_20260525-203229.pt,24,1142,-0.9228124991350342,0.05757443082311734,0.8928977009916845,15.793345008756567,0.07873613543490952,MATE-2v4-9,2
checkpoints/tcqmix_MATE-2v4-9/tcqmix_MATE-2v4-9_seed0/tcqmix_20260525-203229.pt,25,1413,-0.9521875011269003,0.034501061571125265,0.8947126005930783,17.948336871903752,0.03184713375796178,MATE-2v4-9,2
checkpoints/tcqmix_MATE-2v4-9/tcqmix_MATE-2v4-9_seed0/tcqmix_20260525-203229.pt,26,1209,-0.9425000027113128,0.0380479735318445,0.8726573594509872,15.886683209263854,0.039495450785773364,MATE-2v4-9,2
checkpoints/tcqmix_MATE-2v4-9/tcqmix_MATE-2v4-9_seed0/tcqmix_20260525-203229.pt,27,1448,-0.9624999998195563,0.021926795580110497,0.9214592797590341,19.18646408839779,0.02589779005524862,MATE-2v4-9,2
checkpoints/tcqmix_MATE-2v4-9/tcqmix_MATE-2v4-9_seed0/tcqmix_20260525-203229.pt,28,1318,-0.9296874993597157,0.07890743550834597,0.8965415948276939,18.23823975720789,0.05576631259484067,MATE-2v4-9,2
checkpoints/tcqmix_MATE-2v4-9/tcqmix_MATE-2v4-9_seed0/tcqmix_20260525-203229.pt,29,1124,-0.8925000014714897,0.07651245551601424,0.8187769711755395,15.885231316725978,0.08044187425860023,MATE-2v4-9,2
checkpoints/tcqmix_MATE-2v4-9/tcqmix_MATE-2v4-9_seed0/tcqmix_20260525-203229.pt,0,1208,-0.7190625034563709,0.2299254966887417,0.7158430799426099,17.635761589403973,0.21488686534216334,MATE-4v4-9,0
checkpoints/tcqmix_MATE-2v4-9/tcqmix_MATE-2v4-9_seed0/tcqmix_20260525-203229.pt,1,1174,-0.7787499989790376,0.18931005110732538,0.7765131148688864,17.980408858603067,0.19562748438387279,MATE-4v4-9,0
checkpoints/tcqmix_MATE-2v4-9/tcqmix_MATE-2v4-9_seed0/tcqmix_20260525-203229.pt,2,1331,-0.8659375019778963,0.1117580766341097,0.8342590066423912,17.486851990984224,0.1187703481091911,MATE-4v4-9,0
checkpoints/tcqmix_MATE-2v4-9/tcqmix_MATE-2v4-9_seed0/tcqmix_20260525-203229.pt,3,1059,-0.7600000009697396,0.18389990557129368,0.7277244648754009,15.567516525023608,0.19491658797607805,MATE-4v4-9,0
checkpoints/tcqmix_MATE-2v4-9/tcqmix_MATE-2v4-9_seed0/tcqmix_20260525-203229.pt,4,1334,-0.811562506161863,0.1300599700149925,0.8030836593985544,16.942278860569715,0.1561719140429785,MATE-4v4-9,0
checkpoints/tcqmix_MATE-2v4-9/tcqmix_MATE-2v4-9_seed0/tcqmix_20260525-203229.pt,5,1132,-0.7796875108324457,0.16563604240282687,0.7896288686076399,16.93904593639576,0.17594228504122497,MATE-4v4-9,0
checkpoints/tcqmix_MATE-2v4-9/tcqmix_MATE-2v4-9_seed0/tcqmix_20260525-203229.pt,6,1316,-0.7756250025122426,0.16299392097264437,0.7541072908742702,17.71580547112462,0.1850937183383992,MATE-4v4-9,0
checkpoints/tcqmix_MATE-2v4-9/tcqmix_MATE-2v4-9_seed0/tcqmix_20260525-203229.pt,7,1312,-0.8543750036042184,0.11242378048780488,0.8158002363572902,17.341463414634145,0.11566310975609756,MATE-4v4-9,0
checkpoints/tcqmix_MATE-2v4-9/tcqmix_MATE-2v4-9_seed0/tcqmix_20260525-203229.pt,8,1543,-0.7718749986088369,0.17352559948152949,0.705686964551079,19.058327932598832,0.1442536184921149,MATE-4v4-9,0
checkpoints/tcqmix_MATE-2v4-9/tcqmix_MATE-2v4-9_seed0/tcqmix_20260525-203229.pt,9,1451,-0.8200000053329859,0.11991729841488628,0.7856478797820547,19.097863542384562,0.13852515506547208,MATE-4v4-9,0
checkpoints/tcqmix_MATE-2v4-9/tcqmix_MATE-2v4-9_seed0/tcqmix_20260525-203229.pt,10,1383,-0.8115624997008126,0.15798987707881418,0.7797005360802254,19.301518438177876,0.1403350204868643,MATE-4v4-9,0
checkpoints/tcqmix_MATE-2v4-9/tcqmix_MATE-2v4-9_seed0/tcqmix_20260525-203229.pt,11,1474,-0.8050000053481199,0.12364314789687925,0.8099783505041074,19.73337856173677,0.1443916779737675,MATE-4v4-9,0
checkpoints/tcqmix_MATE-2v4-9/tcqmix_MATE-2v4-9_seed0/tcqmix_20260525-203229.pt,12,1566,-0.8246875086333603,0.13298212005108556,0.7922617509278236,18.360791826309068,0.12462750106428269,MATE-4v4-9,0
checkpoints/tcqmix_MATE-2v4-9/tcqmix_MATE-2v4-9_seed0/tcqmix_20260525-203229.pt,13,1278,-0.829999996436527,0.13771517996870108,0.8301014122838665,17.64475743348983,0.18427230046948356,MATE-4v4-9,0
checkpoints/tcqmix_MATE-2v4-9/tcqmix_MATE-2v4-9_seed0/tcqmix_20260525-203229.pt,14,1170,-0.6646875113656279,0.28888888888888886,0.6872329374435154,16.333333333333332,0.2725071225071225,MATE-4v4-9,0
checkpoints/tcqmix_MATE-2v4-9/tcqmix_MATE-2v4-9_seed0/tcqmix_20260525-203229.pt,15,1478,-0.7640625041385647,0.18978349120433016,0.7661651975300767,19.382273342354534,0.19102390617952186,MATE-4v4-9,0
checkpoints/tcqmix_MATE-2v4-9/tcqmix_MATE-2v4-9_seed0/tcqmix_20260525-203229.pt,16,1411,-0.7834375062666368,0.1716867469879518,0.7684007339032801,18.21261516654855,0.18639262934089298,MATE-4v4-9,0
checkpoints/tcqmix_MATE-2v4-9/tcqmix_MATE-2v4-9_seed0/tcqmix_20260525-203229.pt,17,1274,-0.7918750028766226,0.17248822605965464,0.7739787262835609,17.79905808477237,0.16241496598639454,MATE-4v4-9,0
checkpoints/tcqmix_MATE-2v4-9/tcqmix_MATE-2v4-9_seed0/tcqmix_20260525-203229.pt,18,1431,-0.7975000001315493,0.1509433962264151,0.7933439323016412,18.90775681341719,0.1641043559282553,MATE-4v4-9,0
checkpoints/tcqmix_MATE-2v4-9/tcqmix_MATE-2v4-9_seed0/tcqmix_20260525-203229.pt,19,1216,-0.8543749992968515,0.11883223684210527,0.833716883382479,17.450657894736842,0.14213267543859648,MATE-4v4-9,0
checkpoints/tcqmix_MATE-2v4-9/tcqmix_MATE-2v4-9_seed0/tcqmix_20260525-203229.pt,20,1132,-0.7359375018277206,0.24028268551236748,0.7337835901042126,16.223498233215548,0.23674911660777384,MATE-4v4-9,0
checkpoints/tcqmix_MATE-2v4-9/tcqmix_MATE-2v4-9_seed0/tcqmix_20260525-203229.pt,21,1262,-0.7006250084668864,0.22464342313787639,0.7660473965126612,16.356576862123614,0.24683042789223456,MATE-4v4-9,0
checkpoints/tcqmix_MATE-2v4-9/tcqmix_MATE-2v4-9_seed0/tcqmix_20260525-203229.pt,22,1299,-0.7750000095402356,0.20554272517321015,0.7660959342760656,18.925327174749807,0.20143700282268412,MATE-4v4-9,0
checkpoints/tcqmix_MATE-2v4-9/tcqmix_MATE-2v4-9_seed0/tcqmix_20260525-203229.pt,23,1326,-0.7934374996984843,0.17251131221719457,0.7636853164973322,18.098039215686274,0.16603821015585724,MATE-4v4-9,0
checkpoints/tcqmix_MATE-2v4-9/tcqmix_MATE-2v4-9_seed0/tcqmix_20260525-203229.pt,24,1359,-0.8687500036030542,0.10448859455481972,0.8486117355983741,18.997792494481235,0.11656855531027716,MATE-4v4-9,0
checkpoints/tcqmix_MATE-2v4-9/tcqmix_MATE-2v4-9_seed0/tcqmix_20260525-203229.pt,25,1302,-0.6809375024458859,0.2073732718894009,0.7068817151803092,17.227342549923193,0.2533282130056324,MATE-4v4-9,0
checkpoints/tcqmix_MATE-2v4-9/tcqmix_MATE-2v4-9_seed0/tcqmix_20260525-203229.pt,26,1443,-0.8034375052666292,0.1573111573111573,0.7697384771276262,18.313236313236313,0.1554054054054054,MATE-4v4-9,0
checkpoints/tcqmix_MATE-2v4-9/tcqmix_MATE-2v4-9_seed0/tcqmix_20260525-203229.pt,27,1191,-0.8781250047613867,0.10033585222502099,0.8501496849400452,18.296389588581025,0.09529806884970612,MATE-4v4-9,0
checkpoints/tcqmix_MATE-2v4-9/tcqmix_MATE-2v4-9_seed0/tcqmix_20260525-203229.pt,28,1265,-0.7975000010046642,0.16620553359683796,0.7701411483642414,18.610276679841895,0.16429512516469036,MATE-4v4-9,0
checkpoints/tcqmix_MATE-2v4-9/tcqmix_MATE-2v4-9_seed0/tcqmix_20260525-203229.pt,29,1187,-0.7328125019266736,0.2449452401010952,0.7349511963243562,16.146588037068238,0.22584948048301037,MATE-4v4-9,0
checkpoints/tcqmix_MATE-2v4-9/tcqmix_MATE-2v4-9_seed0/tcqmix_20260525-203229.pt,0,1285,-0.6937500017811544,0.2311284046692607,0.6828329734543193,18.63579766536965,0.24578469520103766,MATE-4v4-9,1
checkpoints/tcqmix_MATE-2v4-9/tcqmix_MATE-2v4-9_seed0/tcqmix_20260525-203229.pt,1,1071,-0.75312500417931,0.22478991596638656,0.7549508766955975,16.58823529411765,0.2441643323996265,MATE-4v4-9,1
checkpoints/tcqmix_MATE-2v4-9/tcqmix_MATE-2v4-9_seed0/tcqmix_20260525-203229.pt,2,1473,-0.7990625066740904,0.1498642226748133,0.751064897288836,17.665987780040734,0.1362864901561439,MATE-4v4-9,1
checkpoints/tcqmix_MATE-2v4-9/tcqmix_MATE-2v4-9_seed0/tcqmix_20260525-203229.pt,3,1062,-0.8340625033597462,0.1410075329566855,0.8066454007572778,15.030131826741997,0.1463433772755807,MATE-4v4-9,1
checkpoints/tcqmix_MATE-2v4-9/tcqmix_MATE-2v4-9_seed0/tcqmix_20260525-203229.pt,4,1327,-0.7990624985250179,0.1838733986435569,0.7526195719377676,18.59758854559156,0.16044963576990706,MATE-4v4-9,1
checkpoints/tcqmix_MATE-2v4-9/tcqmix_MATE-2v4-9_seed0/tcqmix_20260525-203229.pt,5,1174,-0.7884375035646372,0.17568143100511074,0.7619734943877299,17.851788756388416,0.1563032367972743,MATE-4v4-9,1
checkpoints/tcqmix_MATE-2v4-9/tcqmix_MATE-2v4-9_seed0/tcqmix_20260525-203229.pt,6,1226,-0.7778125011827797,0.19738988580750408,0.7435648812312067,16.964926590538337,0.1858346927678086,MATE-4v4-9,1
checkpoints/tcqmix_MATE-2v4-9/tcqmix_MATE-2v4-9_seed0/tcqmix_20260525-203229.pt,7,1365,-0.846562503837049,0.12985347985347986,0.7998271394174322,17.93040293040293,0.13015873015873017,MATE-4v4-9,1
checkpoints/tcqmix_MATE-2v4-9/tcqmix_MATE-2v4-9_seed0/tcqmix_20260525-203229.pt,8,1310,-0.7778125090408139,0.16450381679389314,0.7672531270203817,17.24351145038168,0.1753180661577608,MATE-4v4-9,1
checkpoints/tcqmix_MATE-2v4-9/tcqmix_MATE-2v4-9_seed0/tcqmix_20260525-203229.pt,9,1494,-0.7715624947450124,0.19042838018741634,0.7360702517285798,18.997322623828648,0.16744756804997765,MATE-4v4-9,1
checkpoints/tcqmix_MATE-2v4-9/tcqmix_MATE-2v4-9_seed0/tcqmix_20260525-203229.pt,10,1235,-0.6943750020582229,0.2354251012145749,0.7329976870525144,17.929554655870444,0.26788124156545207,MATE-4v4-9,1
checkpoints/tcqmix_MATE-2v4-9/tcqmix_MATE-2v4-9_seed0/tcqmix_20260525-203229.pt,11,1363,-0.8300000050512608,0.1243580337490829,0.8117410982398628,18.616287600880412,0.14820249449743214,MATE-4v4-9,1
checkpoints/tcqmix_MATE-2v4-9/tcqmix_MATE-2v4-9_seed0/tcqmix_20260525-203229.pt,12,1226,-0.8087500022375025,0.15742251223491027,0.8086227857748695,17.274877650897228,0.17903752039151713,MATE-4v4-9,1
checkpoints/tcqmix_MATE-2v4-9/tcqmix_MATE-2v4-9_seed0/tcqmix_20260525-203229.pt,13,1208,-0.7893750026705675,0.15914735099337748,0.732207720976372,16.924668874172184,0.15452538631346577,MATE-4v4-9,1
checkpoints/tcqmix_MATE-2v4-9/tcqmix_MATE-2v4-9_seed0/tcqmix_20260525-203229.pt,14,1482,-0.8331250048067886,0.1440620782726046,0.8251842355382957,18.504048582995953,0.13163517768780925,MATE-4v4-9,1
checkpoints/tcqmix_MATE-2v4-9/tcqmix_MATE-2v4-9_seed0/tcqmix_20260525-203229.pt,15,1373,-0.7425000057846773,0.1800801165331391,0.7114189633300043,18.956300072833212,0.18305413935421216,MATE-4v4-9,1
checkpoints/tcqmix_MATE-2v4-9/tcqmix_MATE-2v4-9_seed0/tcqmix_20260525-203229.pt,16,1213,-0.8250000011757948,0.15313272877164055,0.8052875480175848,17.737840065952184,0.14454520472657323,MATE-4v4-9,1
checkpoints/tcqmix_MATE-2v4-9/tcqmix_MATE-2v4-9_seed0/tcqmix_20260525-203229.pt,17,1356,-0.7168750056880526,0.19376843657817108,0.7276249502318526,17.891592920353983,0.22111602753195672,MATE-4v4-9,1
checkpoints/tcqmix_MATE-2v4-9/tcqmix_MATE-2v4-9_seed0/tcqmix_20260525-203229.pt,18,1083,-0.8637500064796768,0.11819021237303785,0.8329906160659594,15.543859649122806,0.10695598645737148,MATE-4v4-9,1
checkpoints/tcqmix_MATE-2v4-9/tcqmix_MATE-2v4-9_seed0/tcqmix_20260525-203229.pt,19,1269,-0.8509375011199154,0.13750985027580773,0.821384538322908,19.263987391646967,0.13915156291042816,MATE-4v4-9,1
checkpoints/tcqmix_MATE-2v4-9/tcqmix_MATE-2v4-9_seed0/tcqmix_20260525-203229.pt,20,1153,-0.7621875056356657,0.22159583694709453,0.720870319136395,16.546400693842152,0.18285631685458223,MATE-4v4-9,1
checkpoints/tcqmix_MATE-2v4-9/tcqmix_MATE-2v4-9_seed0/tcqmix_20260525-203229.pt,21,1561,-0.8140624996449333,0.1185137732222934,0.8133268258247198,18.036515054452273,0.14792867819773647,MATE-4v4-9,1
checkpoints/tcqmix_MATE-2v4-9/tcqmix_MATE-2v4-9_seed0/tcqmix_20260525-203229.pt,22,1326,-0.8196875102294143,0.16327300150829563,0.7926375925746064,18.67269984917044,0.16075917546505783,MATE-4v4-9,1
checkpoints/tcqmix_MATE-2v4-9/tcqmix_MATE-2v4-9_seed0/tcqmix_20260525-203229.pt,23,1606,-0.8084374982281588,0.14025529265255293,0.7940619521080162,19.864881693648815,0.16469489414694893,MATE-4v4-9,1
checkpoints/tcqmix_MATE-2v4-9/tcqmix_MATE-2v4-9_seed0/tcqmix_20260525-203229.pt,24,1091,-0.8631250072212424,0.11869844179651695,0.8016275746377569,16.36205316223648,0.12137183012526732,MATE-4v4-9,1
checkpoints/tcqmix_MATE-2v4-9/tcqmix_MATE-2v4-9_seed0/tcqmix_20260525-203229.pt,25,1097,-0.7875000001513399,0.1711485870556062,0.7668910639243058,17.224247948951685,0.17418717714980247,MATE-4v4-9,1
checkpoints/tcqmix_MATE-2v4-9/tcqmix_MATE-2v4-9_seed0/tcqmix_20260525-203229.pt,26,1081,-0.8437500050640665,0.11979648473635522,0.7935986692185053,17.892691951896392,0.14269195189639222,MATE-4v4-9,1
checkpoints/tcqmix_MATE-2v4-9/tcqmix_MATE-2v4-9_seed0/tcqmix_20260525-203229.pt,27,1368,-0.7134374990419019,0.2189327485380117,0.6951247873512671,17.835526315789473,0.20991715399610134,MATE-4v4-9,1
checkpoints/tcqmix_MATE-2v4-9/tcqmix_MATE-2v4-9_seed0/tcqmix_20260525-203229.pt,28,1535,-0.7893750029616058,0.15537459283387622,0.754003203323598,17.44299674267101,0.16389793702497285,MATE-4v4-9,1
checkpoints/tcqmix_MATE-2v4-9/tcqmix_MATE-2v4-9_seed0/tcqmix_20260525-203229.pt,29,1274,-0.8550000024260953,0.13383045525902668,0.8170333698115673,17.213500784929355,0.1344845630559916,MATE-4v4-9,1
checkpoints/tcqmix_MATE-2v4-9/tcqmix_MATE-2v4-9_seed0/tcqmix_20260525-203229.pt,0,1232,-0.7737499995564576,0.2203733766233766,0.6928989955244907,17.569805194805195,0.19155844155844157,MATE-4v4-9,2
checkpoints/tcqmix_MATE-2v4-9/tcqmix_MATE-2v4-9_seed0/tcqmix_20260525-203229.pt,1,940,-0.8553125034377445,0.12340425531914893,0.8291242071944784,15.326595744680851,0.13643617021276597,MATE-4v4-9,2
checkpoints/tcqmix_MATE-2v4-9/tcqmix_MATE-2v4-9_seed0/tcqmix_20260525-203229.pt,2,1423,-0.7681250064633787,0.1842937456078707,0.83814651748454,17.829234012649334,0.1831225111267276,MATE-4v4-9,2
checkpoints/tcqmix_MATE-2v4-9/tcqmix_MATE-2v4-9_seed0/tcqmix_20260525-203229.pt,3,1046,-0.7934375018230639,0.20434990439770553,0.7803844063947316,15.710325047801147,0.17566921606118546,MATE-4v4-9,2
checkpoints/tcqmix_MATE-2v4-9/tcqmix_MATE-2v4-9_seed0/tcqmix_20260525-203229.pt,4,1226,-0.8462500044261105,0.13050570962479607,0.8348773910080052,17.8442088091354,0.15089722675367048,MATE-4v4-9,2
checkpoints/tcqmix_MATE-2v4-9/tcqmix_MATE-2v4-9_seed0/tcqmix_20260525-203229.pt,5,1259,-0.7815625020302832,0.15190627482128674,0.7797557317451979,18.62748212867355,0.20300503044744506,MATE-4v4-9,2
checkpoints/tcqmix_MATE-2v4-9/tcqmix_MATE-2v4-9_seed0/tcqmix_20260525-203229.pt,6,1241,-0.7743750045483466,0.1831184528605963,0.7565956981823808,17.852538275584205,0.1831184528605963,MATE-4v4-9,2
checkpoints/tcqmix_MATE-2v4-9/tcqmix_MATE-2v4-9_seed0/tcqmix_20260525-203229.pt,7,1567,-0.8253125037299469,0.13385449904275687,0.8068633691841285,19.23356732610083,0.15177621782599446,MATE-4v4-9,2
checkpoints/tcqmix_MATE-2v4-9/tcqmix_MATE-2v4-9_seed0/tcqmix_20260525-203229.pt,8,1374,-0.8031250049825758,0.13537117903930132,0.7746973955279289,18.049490538573508,0.15314167879670065,MATE-4v4-9,2
checkpoints/tcqmix_MATE-2v4-9/tcqmix_MATE-2v4-9_seed0/tcqmix_20260525-203229.pt,9,1551,-0.6981250050885137,0.21598968407479047,0.7041636131776263,18.678272082527403,0.23989898989898992,MATE-4v4-9,2
checkpoints/tcqmix_MATE-2v4-9/tcqmix_MATE-2v4-9_seed0/tcqmix_20260525-203229.pt,10,1320,-0.8121875087381341,0.13863636363636364,0.7909802049469943,18.921969696969697,0.14627525252525253,MATE-4v4-9,2
checkpoints/tcqmix_MATE-2v4-9/tcqmix_MATE-2v4-9_seed0/tcqmix_20260525-203229.pt,11,1412,-0.7525000019231811,0.1850212464589235,0.7449970406263644,18.120396600566572,0.15970254957507082,MATE-4v4-9,2
checkpoints/tcqmix_MATE-2v4-9/tcqmix_MATE-2v4-9_seed0/tcqmix_20260525-203229.pt,12,1262,-0.8146875076636206,0.15194136291600635,0.7869260431533127,17.910459587955625,0.1776281035393555,MATE-4v4-9,2
checkpoints/tcqmix_MATE-2v4-9/tcqmix_MATE-2v4-9_seed0/tcqmix_20260525-203229.pt,13,1570,-0.6825000049720984,0.20939490445859874,0.6984674013534942,18.343949044585987,0.24187898089171975,MATE-4v4-9,2
checkpoints/tcqmix_MATE-2v4-9/tcqmix_MATE-2v4-9_seed0/tcqmix_20260525-203229.pt,14,1409,-0.825937502871966,0.12384669978708304,0.8032647371965286,17.370475514549327,0.1365034303288384,MATE-4v4-9,2
checkpoints/tcqmix_MATE-2v4-9/tcqmix_MATE-2v4-9_seed0/tcqmix_20260525-203229.pt,15,1384,-0.7859375040861778,0.15372109826589594,0.7637917927546852,18.085260115606935,0.1610067437379576,MATE-4v4-9,2
checkpoints/tcqmix_MATE-2v4-9/tcqmix_MATE-2v4-9_seed0/tcqmix_20260525-203229.pt,16,1190,-0.8193750040663872,0.1514705882352941,0.7809202422800005,17.245378151260503,0.13788515406162463,MATE-4v4-9,2
checkpoints/tcqmix_MATE-2v4-9/tcqmix_MATE-2v4-9_seed0/tcqmix_20260525-203229.pt,17,1427,-0.7218750072643161,0.20287316047652418,0.7149111011744943,18.45690259285214,0.205617846297594,MATE-4v4-9,2
checkpoints/tcqmix_MATE-2v4-9/tcqmix_MATE-2v4-9_seed0/tcqmix_20260525-203229.pt,18,1244,-0.780312498944113,0.20518488745980706,0.7605382254277564,17.888263665594856,0.15554662379421222,MATE-4v4-9,2
checkpoints/tcqmix_MATE-2v4-9/tcqmix_MATE-2v4-9_seed0/tcqmix_20260525-203229.pt,19,1417,-0.7712499973422382,0.22335920959774172,0.7662825543680967,17.69301340860974,0.1961891319689485,MATE-4v4-9,2
checkpoints/tcqmix_MATE-2v4-9/tcqmix_MATE-2v4-9_seed0/tcqmix_20260525-203229.pt,20,1342,-0.7687500054307748,0.21721311475409835,0.772364554257459,18.14456035767511,0.20448335817188273,MATE-4v4-9,2
checkpoints/tcqmix_MATE-2v4-9/tcqmix_MATE-2v4-9_seed0/tcqmix_20260525-203229.pt,21,1333,-0.7700000055192504,0.18829707426856715,0.7610246432891862,17.626406601650412,0.18529632408102026,MATE-4v4-9,2
checkpoints/tcqmix_MATE-2v4-9/tcqmix_MATE-2v4-9_seed0/tcqmix_20260525-203229.pt,22,1418,-0.8778125030512456,0.09255994358251057,0.8427389925857908,19.198166431593794,0.09702632816173014,MATE-4v4-9,2
checkpoints/tcqmix_MATE-2v4-9/tcqmix_MATE-2v4-9_seed0/tcqmix_20260525-203229.pt,23,1255,-0.7684375048847869,0.17808764940239044,0.7235918580793163,18.183266932270918,0.1598273572377158,MATE-4v4-9,2
checkpoints/tcqmix_MATE-2v4-9/tcqmix_MATE-2v4-9_seed0/tcqmix_20260525-203229.pt,24,1317,-0.8843750031373929,0.13743356112376615,0.8286628096841505,17.62566438876234,0.0870665654264743,MATE-4v4-9,2
checkpoints/tcqmix_MATE-2v4-9/tcqmix_MATE-2v4-9_seed0/tcqmix_20260525-203229.pt,25,1270,-0.8171875101397745,0.14507874015748032,0.7923519613137068,17.64488188976378,0.16128608923884513,MATE-4v4-9,2
checkpoints/tcqmix_MATE-2v4-9/tcqmix_MATE-2v4-9_seed0/tcqmix_20260525-203229.pt,26,1245,-0.8487499988987111,0.10522088353413654,0.8196266301725399,17.327710843373495,0.11666666666666667,MATE-4v4-9,2
checkpoints/tcqmix_MATE-2v4-9/tcqmix_MATE-2v4-9_seed0/tcqmix_20260525-203229.pt,27,1196,-0.7634375047055073,0.1762123745819398,0.7893402731167141,16.48494983277592,0.17523690078037904,MATE-4v4-9,2
checkpoints/tcqmix_MATE-2v4-9/tcqmix_MATE-2v4-9_seed0/tcqmix_20260525-203229.pt,28,1385,-0.7653125045180786,0.16823104693140795,0.7513304282591426,17.91552346570397,0.17942238267148014,MATE-4v4-9,2
checkpoints/tcqmix_MATE-2v4-9/tcqmix_MATE-2v4-9_seed0/tcqmix_20260525-203229.pt,29,1337,-0.826874999969732,0.1400523560209424,0.799813380767473,18.483171278982798,0.11886063325853902,MATE-4v4-9,2
checkpoints/tcqmix_MATE-2v4-9/tcqmix_MATE-2v4-9_seed0/tcqmix_20260525-203229.pt,0,1256,-0.7571875067951623,0.1982484076433121,0.7458589248564064,36.564490445859875,0.20534766454352443,MATE-4v8-9,0
checkpoints/tcqmix_MATE-2v4-9/tcqmix_MATE-2v4-9_seed0/tcqmix_20260525-203229.pt,1,1322,-0.772343748860294,0.19260590015128592,0.771605846011727,37.88350983358548,0.2008356746632087,MATE-4v8-9,0
checkpoints/tcqmix_MATE-2v4-9/tcqmix_MATE-2v4-9_seed0/tcqmix_20260525-203229.pt,2,1212,-0.786093750357395,0.17326732673267325,0.7602346202994639,35.725247524752476,0.19744617318874744,MATE-4v8-9,0
checkpoints/tcqmix_MATE-2v4-9/tcqmix_MATE-2v4-9_seed0/tcqmix_20260525-203229.pt,3,1134,-0.7893750051443931,0.16787918871252205,0.7678866150839962,36.060846560846564,0.1697877299067775,MATE-4v8-9,0
checkpoints/tcqmix_MATE-2v4-9/tcqmix_MATE-2v4-9_seed0/tcqmix_20260525-203229.pt,4,1362,-0.7523437502386514,0.21227973568281938,0.7557533033821122,37.138032305433185,0.20767079225229002,MATE-4v8-9,0
checkpoints/tcqmix_MATE-2v4-9/tcqmix_MATE-2v4-9_seed0/tcqmix_20260525-203229.pt,5,1136,-0.7690625054674456,0.22315140845070422,0.7552007985733405,35.52200704225352,0.23706300301810868,MATE-4v8-9,0
checkpoints/tcqmix_MATE-2v4-9/tcqmix_MATE-2v4-9_seed0/tcqmix_20260525-203229.pt,6,1277,-0.778125005948823,0.1946945967110415,0.7532870555952244,37.927956147220044,0.18529197896856472,MATE-4v8-9,0
checkpoints/tcqmix_MATE-2v4-9/tcqmix_MATE-2v4-9_seed0/tcqmix_20260525-203229.pt,7,1065,-0.7557812555605778,0.21326291079812207,0.74340435514849,32.627230046948355,0.22959646769505923,MATE-4v8-9,0
checkpoints/tcqmix_MATE-2v4-9/tcqmix_MATE-2v4-9_seed0/tcqmix_20260525-203229.pt,8,1149,-0.8479687535582343,0.16394691035683204,0.8360751588588733,36.0147954743255,0.1301566579634465,MATE-4v8-9,0
checkpoints/tcqmix_MATE-2v4-9/tcqmix_MATE-2v4-9_seed0/tcqmix_20260525-203229.pt,9,1135,-0.7925000044051558,0.15352422907488986,0.7853236243214936,36.25814977973568,0.20906859660163626,MATE-4v8-9,0
checkpoints/tcqmix_MATE-2v4-9/tcqmix_MATE-2v4-9_seed0/tcqmix_20260525-203229.pt,10,1175,-0.7406250012136297,0.19425531914893618,0.719216140223619,35.89872340425532,0.22383991894630192,MATE-4v8-9,0
checkpoints/tcqmix_MATE-2v4-9/tcqmix_MATE-2v4-9_seed0/tcqmix_20260525-203229.pt,11,1196,-0.8528125013253884,0.12364130434782608,0.8082998419148504,34.35033444816054,0.11630335244465678,MATE-4v8-9,0
checkpoints/tcqmix_MATE-2v4-9/tcqmix_MATE-2v4-9_seed0/tcqmix_20260525-203229.pt,12,1281,-0.7779687520524021,0.2154566744730679,0.7730142463328934,36.49180327868852,0.21174584587933534,MATE-4v8-9,0
checkpoints/tcqmix_MATE-2v4-9/tcqmix_MATE-2v4-9_seed0/tcqmix_20260525-203229.pt,13,1073,-0.8559375017648563,0.12453401677539609,0.7634461440183115,33.79683131407269,0.11696511782718678,MATE-4v8-9,0
checkpoints/tcqmix_MATE-2v4-9/tcqmix_MATE-2v4-9_seed0/tcqmix_20260525-203229.pt,14,1304,-0.7392187523364555,0.1857745398773006,0.7207166887404215,37.920245398773005,0.24245910020449896,MATE-4v8-9,0
checkpoints/tcqmix_MATE-2v4-9/tcqmix_MATE-2v4-9_seed0/tcqmix_20260525-203229.pt,15,1370,-0.7729687517130515,0.21560218978102189,0.7608316881858455,39.488321167883214,0.21414928745220715,MATE-4v8-9,0
checkpoints/tcqmix_MATE-2v4-9/tcqmix_MATE-2v4-9_seed0/tcqmix_20260525-203229.pt,16,1215,-0.7665625034424011,0.18858024691358025,0.7886887641131672,33.96625514403292,0.20536939055457573,MATE-4v8-9,0
checkpoints/tcqmix_MATE-2v4-9/tcqmix_MATE-2v4-9_seed0/tcqmix_20260525-203229.pt,17,1186,-0.8289062513795216,0.1572512647554806,0.8117055384738434,36.24620573355818,0.15348911908777002,MATE-4v8-9,0
checkpoints/tcqmix_MATE-2v4-9/tcqmix_MATE-2v4-9_seed0/tcqmix_20260525-203229.pt,18,1406,-0.7956250043062028,0.1613620199146515,0.7854195570076763,35.91465149359886,0.17325831470568312,MATE-4v8-9,0
checkpoints/tcqmix_MATE-2v4-9/tcqmix_MATE-2v4-9_seed0/tcqmix_20260525-203229.pt,19,1135,-0.8012500008480856,0.1765418502202643,0.7975347334921826,33.93832599118943,0.18287497377805748,MATE-4v8-9,0
checkpoints/tcqmix_MATE-2v4-9/tcqmix_MATE-2v4-9_seed0/tcqmix_20260525-203229.pt,20,1089,-0.8234375024039764,0.1593204775022957,0.7821571434836189,34.9880624426079,0.1896912851458306,MATE-4v8-9,0
checkpoints/tcqmix_MATE-2v4-9/tcqmix_MATE-2v4-9_seed0/tcqmix_20260525-203229.pt,21,1243,-0.8079687534336699,0.1497385358004827,0.7937623837333759,36.312952534191474,0.14909780485001722,MATE-4v8-9,0
checkpoints/tcqmix_MATE-2v4-9/tcqmix_MATE-2v4-9_seed0/tcqmix_20260525-203229.pt,22,1031,-0.714843755835318,0.2624878758486906,0.7261703283730649,31.841901066925317,0.24850468800517295,MATE-4v8-9,0
checkpoints/tcqmix_MATE-2v4-9/tcqmix_MATE-2v4-9_seed0/tcqmix_20260525-203229.pt,23,1168,-0.8007812542055035,0.1503638698630137,0.7841914674762569,35.98373287671233,0.17158553489889103,MATE-4v8-9,0
checkpoints/tcqmix_MATE-2v4-9/tcqmix_MATE-2v4-9_seed0/tcqmix_20260525-203229.pt,24,1180,-0.7943750010454096,0.16302966101694916,0.7795025913126806,35.28050847457627,0.15889830508474576,MATE-4v8-9,0
checkpoints/tcqmix_MATE-2v4-9/tcqmix_MATE-2v4-9_seed0/tcqmix_20260525-203229.pt,25,1251,-0.7857812556030694,0.17545963229416467,0.7701439929390324,37.07194244604317,0.16866506794564348,MATE-4v8-9,0
checkpoints/tcqmix_MATE-2v4-9/tcqmix_MATE-2v4-9_seed0/tcqmix_20260525-203229.pt,26,1131,-0.8298437517805723,0.15064102564102563,0.7779028866391237,34.666666666666664,0.15618079238768895,MATE-4v8-9,0
checkpoints/tcqmix_MATE-2v4-9/tcqmix_MATE-2v4-9_seed0/tcqmix_20260525-203229.pt,27,1257,-0.7835937535128323,0.1801909307875895,0.8042890523758427,36.52267303102625,0.1694614918361935,MATE-4v8-9,0
checkpoints/tcqmix_MATE-2v4-9/tcqmix_MATE-2v4-9_seed0/tcqmix_20260525-203229.pt,28,1354,-0.7973437490145443,0.16885155096011817,0.757630505511431,38.33825701624816,0.1644474924386298,MATE-4v8-9,0
checkpoints/tcqmix_MATE-2v4-9/tcqmix_MATE-2v4-9_seed0/tcqmix_20260525-203229.pt,29,1224,-0.7851562537107384,0.16942401960784315,0.7876860283953041,37.23937908496732,0.16536434018051666,MATE-4v8-9,0
checkpoints/tcqmix_MATE-2v4-9/tcqmix_MATE-2v4-9_seed0/tcqmix_20260525-203229.pt,0,1237,-0.7918750058306614,0.1709781729991916,0.7843721994449214,35.59337105901374,0.18281749239712053,MATE-4v8-9,1
checkpoints/tcqmix_MATE-2v4-9/tcqmix_MATE-2v4-9_seed0/tcqmix_20260525-203229.pt,1,1233,-0.7632812570518581,0.19495133819951338,0.7486671608553961,36.715328467153284,0.19168983895261266,MATE-4v8-9,1
checkpoints/tcqmix_MATE-2v4-9/tcqmix_MATE-2v4-9_seed0/tcqmix_20260525-203229.pt,2,1166,-0.747031255683396,0.21312178387650085,0.7266176124700033,35.07975986277873,0.21621947235154781,MATE-4v8-9,1
checkpoints/tcqmix_MATE-2v4-9/tcqmix_MATE-2v4-9_seed0/tcqmix_20260525-203229.pt,3,1041,-0.8104687558079604,0.16018251681075887,0.7755779569630502,32.87608069164265,0.18330131284021772,MATE-4v8-9,1
checkpoints/tcqmix_MATE-2v4-9/tcqmix_MATE-2v4-9_seed0/tcqmix_20260525-203229.pt,4,1387,-0.7681250012392411,0.2607245854361932,0.7486006257696824,36.42609949531363,0.18455385037937308,MATE-4v8-9,1
checkpoints/tcqmix_MATE-2v4-9/tcqmix_MATE-2v4-9_seed0/tcqmix_20260525-203229.pt,5,1119,-0.7996875061944593,0.16979445933869527,0.7606300778303511,34.32529043789098,0.16124515936848377,MATE-4v8-9,1
checkpoints/tcqmix_MATE-2v4-9/tcqmix_MATE-2v4-9_seed0/tcqmix_20260525-203229.pt,6,1226,-0.7443750016100239,0.19891924959216967,0.7451588605126646,36.59461663947798,0.19461469742872678,MATE-4v8-9,1
checkpoints/tcqmix_MATE-2v4-9/tcqmix_MATE-2v4-9_seed0/tcqmix_20260525-203229.pt,7,1140,-0.8175000031042146,0.15745614035087718,0.7854374768823782,34.90964912280702,0.13788011695906432,MATE-4v8-9,1
checkpoints/tcqmix_MATE-2v4-9/tcqmix_MATE-2v4-9_seed0/tcqmix_20260525-203229.pt,8,1198,-0.8234375018364517,0.1361644407345576,0.7932320540015071,36.313856427378965,0.16929306781143175,MATE-4v8-9,1
checkpoints/tcqmix_MATE-2v4-9/tcqmix_MATE-2v4-9_seed0/tcqmix_20260525-203229.pt,9,1156,-0.8403125030017691,0.12510813148788927,0.7955945624625537,35.59948096885813,0.1298463503048278,MATE-4v8-9,1
checkpoints/tcqmix_MATE-2v4-9/tcqmix_MATE-2v4-9_seed0/tcqmix_20260525-203229.pt,10,1184,-0.8200000055803685,0.14505912162162163,0.7973141038929985,37.744932432432435,0.18473294723294723,MATE-4v8-9,1
checkpoints/tcqmix_MATE-2v4-9/tcqmix_MATE-2v4-9_seed0/tcqmix_20260525-203229.pt,11,1445,-0.7018750037241261,0.25069204152249136,0.7228445544395926,37.68650519031142,0.24264458724666338,MATE-4v8-9,1
checkpoints/tcqmix_MATE-2v4-9/tcqmix_MATE-2v4-9_seed0/tcqmix_20260525-203229.pt,12,1292,-0.8209374966681935,0.1274187306501548,0.798006743332473,38.621517027863774,0.1679124281291464,MATE-4v8-9,1
checkpoints/tcqmix_MATE-2v4-9/tcqmix_MATE-2v4-9_seed0/tcqmix_20260525-203229.pt,13,1086,-0.7835937536292477,0.18646408839779005,0.7620817550332933,30.696132596685082,0.18428812593177235,MATE-4v8-9,1
checkpoints/tcqmix_MATE-2v4-9/tcqmix_MATE-2v4-9_seed0/tcqmix_20260525-203229.pt,14,1350,-0.749531254026806,0.25027777777777777,0.7855733204035128,37.88962962962963,0.2514470899470899,MATE-4v8-9,1
checkpoints/tcqmix_MATE-2v4-9/tcqmix_MATE-2v4-9_seed0/tcqmix_20260525-203229.pt,15,1143,-0.8015625000552973,0.1800087489063867,0.7791747680766982,35.41994750656168,0.16769882931300253,MATE-4v8-9,1
checkpoints/tcqmix_MATE-2v4-9/tcqmix_MATE-2v4-9_seed0/tcqmix_20260525-203229.pt,16,1227,-0.7993750053428812,0.18510594947025266,0.7760430625253554,36.22167889160554,0.166576434974968,MATE-4v8-9,1
checkpoints/tcqmix_MATE-2v4-9/tcqmix_MATE-2v4-9_seed0/tcqmix_20260525-203229.pt,17,1139,-0.8250000027182978,0.18316505706760317,0.8008662832301965,34.97980684811238,0.1420084451691124,MATE-4v8-9,1
checkpoints/tcqmix_MATE-2v4-9/tcqmix_MATE-2v4-9_seed0/tcqmix_20260525-203229.pt,18,1360,-0.7978125033987453,0.17362132352941176,0.7952472674405044,37.89264705882353,0.19467699579831935,MATE-4v8-9,1
checkpoints/tcqmix_MATE-2v4-9/tcqmix_MATE-2v4-9_seed0/tcqmix_20260525-203229.pt,19,1362,-0.8251562501536682,0.15859030837004406,0.8233221487852632,38.06828193832599,0.16639570659394445,MATE-4v8-9,1
checkpoints/tcqmix_MATE-2v4-9/tcqmix_MATE-2v4-9_seed0/tcqmix_20260525-203229.pt,20,1355,-0.8226562534837285,0.1672509225092251,0.8092487052082082,36.43025830258303,0.1663161131611316,MATE-4v8-9,1
checkpoints/tcqmix_MATE-2v4-9/tcqmix_MATE-2v4-9_seed0/tcqmix_20260525-203229.pt,21,1278,-0.82234375202097,0.1572769953051643,0.8138826125928266,36.25508607198748,0.14554363216335045,MATE-4v8-9,1
checkpoints/tcqmix_MATE-2v4-9/tcqmix_MATE-2v4-9_seed0/tcqmix_20260525-203229.pt,22,1126,-0.8315625060931779,0.13843250444049734,0.7714451812005676,34.320603907637654,0.14812230398376047,MATE-4v8-9,1
checkpoints/tcqmix_MATE-2v4-9/tcqmix_MATE-2v4-9_seed0/tcqmix_20260525-203229.pt,23,1065,-0.7429687548719812,0.21549295774647886,0.7357549696000942,32.776525821596245,0.20629331544824503,MATE-4v8-9,1
checkpoints/tcqmix_MATE-2v4-9/tcqmix_MATE-2v4-9_seed0/tcqmix_20260525-203229.pt,24,1281,-0.8218750023661414,0.15339578454332553,0.7832745569752143,35.94457455113193,0.15773577190439017,MATE-4v8-9,1
checkpoints/tcqmix_MATE-2v4-9/tcqmix_MATE-2v4-9_seed0/tcqmix_20260525-203229.pt,25,1476,-0.7243750045017805,0.21282181571815717,0.749338842636837,40.02371273712737,0.22208430120015488,MATE-4v8-9,1
checkpoints/tcqmix_MATE-2v4-9/tcqmix_MATE-2v4-9_seed0/tcqmix_20260525-203229.pt,26,1155,-0.8364062512264354,0.14729437229437228,0.8227326009472018,35.13679653679654,0.13499999999999998,MATE-4v8-9,1
checkpoints/tcqmix_MATE-2v4-9/tcqmix_MATE-2v4-9_seed0/tcqmix_20260525-203229.pt,27,1212,-0.7639062536327401,0.1773927392739274,0.766020250928098,35.460396039603964,0.24467625333961968,MATE-4v8-9,1
checkpoints/tcqmix_MATE-2v4-9/tcqmix_MATE-2v4-9_seed0/tcqmix_20260525-203229.pt,28,1019,-0.8009375043038744,0.19381746810598627,0.7896665494681491,35.38861629048086,0.23561615028739663,MATE-4v8-9,1
checkpoints/tcqmix_MATE-2v4-9/tcqmix_MATE-2v4-9_seed0/tcqmix_20260525-203229.pt,29,1351,-0.7718750038329745,0.19263508512213176,0.766729173238921,35.469282013323465,0.18134450671460295,MATE-4v8-9,1
checkpoints/tcqmix_MATE-2v4-9/tcqmix_MATE-2v4-9_seed0/tcqmix_20260525-203229.pt,0,1170,-0.8214062539191218,0.14818376068376068,0.7863694343154665,33.8982905982906,0.14435388685388686,MATE-4v8-9,2
checkpoints/tcqmix_MATE-2v4-9/tcqmix_MATE-2v4-9_seed0/tcqmix_20260525-203229.pt,1,1221,-0.7921875025349436,0.20219082719082718,0.7765540937249151,35.205569205569205,0.17625190125190124,MATE-4v8-9,2
checkpoints/tcqmix_MATE-2v4-9/tcqmix_MATE-2v4-9_seed0/tcqmix_20260525-203229.pt,2,1187,-0.8250000048574293,0.14237573715248525,0.8041510130668776,35.26284751474305,0.14886468487984916,MATE-4v8-9,2
checkpoints/tcqmix_MATE-2v4-9/tcqmix_MATE-2v4-9_seed0/tcqmix_20260525-203229.pt,3,1098,-0.7920312528585782,0.19433060109289618,0.7771828389229002,34.36065573770492,0.2162871888281724,MATE-4v8-9,2
checkpoints/tcqmix_MATE-2v4-9/tcqmix_MATE-2v4-9_seed0/tcqmix_20260525-203229.pt,4,1365,-0.7589062481856672,0.18223443223443223,0.7726925446576305,36.37069597069597,0.21160823303680446,MATE-4v8-9,2
checkpoints/tcqmix_MATE-2v4-9/tcqmix_MATE-2v4-9_seed0/tcqmix_20260525-203229.pt,5,1168,-0.7512500048760558,0.215111301369863,0.7506285361651477,35.28681506849315,0.21930242987606,MATE-4v8-9,2
checkpoints/tcqmix_MATE-2v4-9/tcqmix_MATE-2v4-9_seed0/tcqmix_20260525-203229.pt,6,1304,-0.7367187526106136,0.2116564417177914,0.7404768896592753,36.530674846625764,0.21192849839322234,MATE-4v8-9,2
checkpoints/tcqmix_MATE-2v4-9/tcqmix_MATE-2v4-9_seed0/tcqmix_20260525-203229.pt,7,1037,-0.7868750037450809,0.18153326904532305,0.7397066058486755,33.64416586306654,0.1669926987188318,MATE-4v8-9,2
checkpoints/tcqmix_MATE-2v4-9/tcqmix_MATE-2v4-9_seed0/tcqmix_20260525-203229.pt,8,1304,-0.8370312570768874,0.12346625766871165,0.8086983133315893,36.513803680981596,0.12541264972246566,MATE-4v8-9,2
checkpoints/tcqmix_MATE-2v4-9/tcqmix_MATE-2v4-9_seed0/tcqmix_20260525-203229.pt,9,1128,-0.771093756731716,0.17929964539007093,0.7389351067616757,34.927304964539005,0.19970976865923676,MATE-4v8-9,2
checkpoints/tcqmix_MATE-2v4-9/tcqmix_MATE-2v4-9_seed0/tcqmix_20260525-203229.pt,10,1195,-0.8923437553603435,0.1042887029288703,0.8476089192739868,35.43514644351465,0.08289101414624427,MATE-4v8-9,2
checkpoints/tcqmix_MATE-2v4-9/tcqmix_MATE-2v4-9_seed0/tcqmix_20260525-203229.pt,11,1132,-0.8198437521496089,0.14575971731448764,0.7836548546338971,34.23851590106007,0.14325572101632172,MATE-4v8-9,2
checkpoints/tcqmix_MATE-2v4-9/tcqmix_MATE-2v4-9_seed0/tcqmix_20260525-203229.pt,12,1183,-0.8201562520698644,0.14401944209636516,0.7837743156479564,32.27895181741336,0.15899448536811173,MATE-4v8-9,2
checkpoints/tcqmix_MATE-2v4-9/tcqmix_MATE-2v4-9_seed0/tcqmix_20260525-203229.pt,13,1178,-0.8098437510197982,0.15152801358234294,0.787053032028579,34.60950764006791,0.1555158056431401,MATE-4v8-9,2
checkpoints/tcqmix_MATE-2v4-9/tcqmix_MATE-2v4-9_seed0/tcqmix_20260525-203229.pt,14,1372,-0.7756250063248444,0.16372084548104957,0.7604075246410618,38.005830903790084,0.1761314729973622,MATE-4v8-9,2
checkpoints/tcqmix_MATE-2v4-9/tcqmix_MATE-2v4-9_seed0/tcqmix_20260525-203229.pt,15,1162,-0.776250002978486,0.2170826161790017,0.7906708974177348,36.378657487091225,0.21373965248750101,MATE-4v8-9,2
checkpoints/tcqmix_MATE-2v4-9/tcqmix_MATE-2v4-9_seed0/tcqmix_20260525-203229.pt,16,1193,-0.7689062545250636,0.18692372170997484,0.7338079321098419,34.689857502095556,0.1788558256496228,MATE-4v8-9,2
checkpoints/tcqmix_MATE-2v4-9/tcqmix_MATE-2v4-9_seed0/tcqmix_20260525-203229.pt,17,1154,-0.7590625062730396,0.2223786828422877,0.7454364572547665,35.324090121317155,0.21707518362631012,MATE-4v8-9,2
checkpoints/tcqmix_MATE-2v4-9/tcqmix_MATE-2v4-9_seed0/tcqmix_20260525-203229.pt,18,1351,-0.782187504140893,0.17320503330866024,0.7948123701824487,36.02738712065137,0.2008943992104614,MATE-4v8-9,2
checkpoints/tcqmix_MATE-2v4-9/tcqmix_MATE-2v4-9_seed0/tcqmix_20260525-203229.pt,19,1257,-0.8126562527177157,0.1796937151949085,0.7831199845967887,37.46778042959427,0.14582149486684093,MATE-4v8-9,2
checkpoints/tcqmix_MATE-2v4-9/tcqmix_MATE-2v4-9_seed0/tcqmix_20260525-203229.pt,20,1226,-0.8231250031676609,0.15783034257748776,0.7767064596275185,36.23246329526917,0.14752291618115435,MATE-4v8-9,2
checkpoints/tcqmix_MATE-2v4-9/tcqmix_MATE-2v4-9_seed0/tcqmix_20260525-203229.pt,21,1110,-0.8062500017258571,0.16542792792792793,0.7750394555240329,34.027027027027025,0.17233376233376235,MATE-4v8-9,2
checkpoints/tcqmix_MATE-2v4-9/tcqmix_MATE-2v4-9_seed0/tcqmix_20260525-203229.pt,22,1206,-0.8029687538655708,0.1587893864013267,0.8216099123691022,34.893864013267,0.1729260443812683,MATE-4v8-9,2
checkpoints/tcqmix_MATE-2v4-9/tcqmix_MATE-2v4-9_seed0/tcqmix_20260525-203229.pt,23,1141,-0.7901562511542579,0.1854732690622261,0.7818056738186573,33.78001752848379,0.18444973081257043,MATE-4v8-9,2
checkpoints/tcqmix_MATE-2v4-9/tcqmix_MATE-2v4-9_seed0/tcqmix_20260525-203229.pt,24,1250,-0.7646875052741962,0.2242,0.7453253316430688,35.5792,0.20200952380952378,MATE-4v8-9,2
checkpoints/tcqmix_MATE-2v4-9/tcqmix_MATE-2v4-9_seed0/tcqmix_20260525-203229.pt,25,1214,-0.791875000053551,0.17493822075782536,0.7706980097032144,35.94481054365733,0.2105926884757198,MATE-4v8-9,2
checkpoints/tcqmix_MATE-2v4-9/tcqmix_MATE-2v4-9_seed0/tcqmix_20260525-203229.pt,26,1123,-0.8104687557934085,0.16362422083704364,0.8295988367965854,35.924309884238646,0.1953430437179324,MATE-4v8-9,2
checkpoints/tcqmix_MATE-2v4-9/tcqmix_MATE-2v4-9_seed0/tcqmix_20260525-203229.pt,27,1165,-0.8214062536862912,0.15203862660944206,0.8146028712818122,34.31845493562232,0.15604128346617618,MATE-4v8-9,2
checkpoints/tcqmix_MATE-2v4-9/tcqmix_MATE-2v4-9_seed0/tcqmix_20260525-203229.pt,28,1015,-0.737187504520989,0.2624384236453202,0.7584339413832645,32.610837438423644,0.25611072015012903,MATE-4v8-9,2
checkpoints/tcqmix_MATE-2v4-9/tcqmix_MATE-2v4-9_seed0/tcqmix_20260525-203229.pt,29,1317,-0.8107812530652154,0.154707668944571,0.8038432376410584,38.13591495823842,0.16760946595798532,MATE-4v8-9,2
checkpoints/tcqmix_MATE-2v4-9/tcqmix_MATE-2v4-9_seed0/tcqmix_20260525-203229.pt,0,1321,-0.6626562556775752,0.3547501892505677,0.6754324208691561,35.57002271006813,0.2904996214988645,MATE-8v8-9,0
checkpoints/tcqmix_MATE-2v4-9/tcqmix_MATE-2v4-9_seed0/tcqmix_20260525-203229.pt,1,1236,-0.7537500051985262,0.2728559870550162,0.7722047506285294,37.37621359223301,0.20631742179072277,MATE-8v8-9,0
checkpoints/tcqmix_MATE-2v4-9/tcqmix_MATE-2v4-9_seed0/tcqmix_20260525-203229.pt,2,1090,-0.7684375042445026,0.21077981651376146,0.7120085602623477,33.24770642201835,0.20504150283966796,MATE-8v8-9,0
checkpoints/tcqmix_MATE-2v4-9/tcqmix_MATE-2v4-9_seed0/tcqmix_20260525-203229.pt,3,1243,-0.6457812540174928,0.29394609814963796,0.6716657754076912,36.99678197908286,0.30177086924874535,MATE-8v8-9,0
checkpoints/tcqmix_MATE-2v4-9/tcqmix_MATE-2v4-9_seed0/tcqmix_20260525-203229.pt,4,1113,-0.6382812587689841,0.32322551662174304,0.6341402635417014,33.937106918238996,0.3116833525863175,MATE-8v8-9,0
checkpoints/tcqmix_MATE-2v4-9/tcqmix_MATE-2v4-9_seed0/tcqmix_20260525-203229.pt,5,1256,-0.7164062528754584,0.2585589171974522,0.6968424779814495,35.40605095541401,0.2321959356991204,MATE-8v8-9,0
checkpoints/tcqmix_MATE-2v4-9/tcqmix_MATE-2v4-9_seed0/tcqmix_20260525-203229.pt,6,1260,-0.7357812507689232,0.21865079365079365,0.7136271797810668,36.826190476190476,0.21172808012093727,MATE-8v8-9,0
checkpoints/tcqmix_MATE-2v4-9/tcqmix_MATE-2v4-9_seed0/tcqmix_20260525-203229.pt,7,1045,-0.6565625036309939,0.28744019138755983,0.7068139749770895,32.78564593301435,0.32663249031670083,MATE-8v8-9,0
checkpoints/tcqmix_MATE-2v4-9/tcqmix_MATE-2v4-9_seed0/tcqmix_20260525-203229.pt,8,1254,-0.7496874990611104,0.2178030303030303,0.7189651619530953,35.56299840510367,0.19979589124325967,MATE-8v8-9,0
checkpoints/tcqmix_MATE-2v4-9/tcqmix_MATE-2v4-9_seed0/tcqmix_20260525-203229.pt,9,1279,-0.5724999994854443,0.3529124315871775,0.6034847986504093,35.93119624706802,0.34999348449309353,MATE-8v8-9,0
checkpoints/tcqmix_MATE-2v4-9/tcqmix_MATE-2v4-9_seed0/tcqmix_20260525-203229.pt,10,1278,-0.6515625014289981,0.2760172143974961,0.6227237497903163,37.10015649452269,0.27215515314106864,MATE-8v8-9,0
checkpoints/tcqmix_MATE-2v4-9/tcqmix_MATE-2v4-9_seed0/tcqmix_20260525-203229.pt,11,1345,-0.678125002188608,0.2687732342007435,0.666018771442504,37.50408921933086,0.26113913967073815,MATE-8v8-9,0
checkpoints/tcqmix_MATE-2v4-9/tcqmix_MATE-2v4-9_seed0/tcqmix_20260525-203229.pt,12,1206,-0.7515625029627699,0.21849087893864014,0.721660817520336,34.11857379767827,0.21840697307115217,MATE-8v8-9,0
checkpoints/tcqmix_MATE-2v4-9/tcqmix_MATE-2v4-9_seed0/tcqmix_20260525-203229.pt,13,1040,-0.7489062539680162,0.21814903846153846,0.7346743204772602,32.92403846153846,0.23069253663003664,MATE-8v8-9,0
checkpoints/tcqmix_MATE-2v4-9/tcqmix_MATE-2v4-9_seed0/tcqmix_20260525-203229.pt,14,1266,-0.6915624999674037,0.29976303317535546,0.7017743052517519,36.30331753554503,0.29882268863311523,MATE-8v8-9,0
checkpoints/tcqmix_MATE-2v4-9/tcqmix_MATE-2v4-9_seed0/tcqmix_20260525-203229.pt,15,1143,-0.6448437528742943,0.30107174103237094,0.6715503629054586,35.38757655293088,0.30484626921634794,MATE-8v8-9,0
checkpoints/tcqmix_MATE-2v4-9/tcqmix_MATE-2v4-9_seed0/tcqmix_20260525-203229.pt,16,1221,-0.6312500074564014,0.30292792792792794,0.6558007939013951,36.332514332514336,0.2811269061269061,MATE-8v8-9,0
checkpoints/tcqmix_MATE-2v4-9/tcqmix_MATE-2v4-9_seed0/tcqmix_20260525-203229.pt,17,1143,-0.6864062570239184,0.3361767279090114,0.6923336533926258,34.23009623797025,0.2877463233762446,MATE-8v8-9,0
checkpoints/tcqmix_MATE-2v4-9/tcqmix_MATE-2v4-9_seed0/tcqmix_20260525-203229.pt,18,1126,-0.7190625044313492,0.24356127886323267,0.7143950794734722,34.48046181172291,0.24860335786179483,MATE-8v8-9,0
checkpoints/tcqmix_MATE-2v4-9/tcqmix_MATE-2v4-9_seed0/tcqmix_20260525-203229.pt,19,1113,-0.634531257514027,0.31278077268643306,0.6972468223453341,35.19676549865229,0.3246951610833012,MATE-8v8-9,0
checkpoints/tcqmix_MATE-2v4-9/tcqmix_MATE-2v4-9_seed0/tcqmix_20260525-203229.pt,20,1263,-0.6914062543946784,0.30433491686460806,0.690455929498344,36.28978622327791,0.27283584059118504,MATE-8v8-9,0
checkpoints/tcqmix_MATE-2v4-9/tcqmix_MATE-2v4-9_seed0/tcqmix_20260525-203229.pt,21,1252,-0.6626562508754432,0.32368210862619806,0.6894995356463972,37.007188498402556,0.26077514072721736,MATE-8v8-9,0
checkpoints/tcqmix_MATE-2v4-9/tcqmix_MATE-2v4-9_seed0/tcqmix_20260525-203229.pt,22,1349,-0.6684375035401899,0.2265567086730912,0.6848433196072407,37.117123795404005,0.25446450633626316,MATE-8v8-9,0
checkpoints/tcqmix_MATE-2v4-9/tcqmix_MATE-2v4-9_seed0/tcqmix_20260525-203229.pt,23,1285,-0.711093751291628,0.2651750972762646,0.7070239923097065,37.244357976653696,0.2264211599036502,MATE-8v8-9,0
checkpoints/tcqmix_MATE-2v4-9/tcqmix_MATE-2v4-9_seed0/tcqmix_20260525-203229.pt,24,1306,-0.6662500042730244,0.28091500765696786,0.6775234431348885,34.78483920367535,0.28542259170130535,MATE-8v8-9,0
checkpoints/tcqmix_MATE-2v4-9/tcqmix_MATE-2v4-9_seed0/tcqmix_20260525-203229.pt,25,1136,-0.7242187535448465,0.2634242957746479,0.6843318641479558,34.309859154929576,0.24792085848423875,MATE-8v8-9,0
checkpoints/tcqmix_MATE-2v4-9/tcqmix_MATE-2v4-9_seed0/tcqmix_20260525-203229.pt,26,1223,-0.7485937591845868,0.214329517579722,0.7273058653514511,36.538838920686835,0.20231378733014055,MATE-8v8-9,0
checkpoints/tcqmix_MATE-2v4-9/tcqmix_MATE-2v4-9_seed0/tcqmix_20260525-203229.pt,27,1345,-0.5275000067340443,0.36282527881040894,0.5574167791855137,37.59925650557621,0.384881394937157,MATE-8v8-9,0
checkpoints/tcqmix_MATE-2v4-9/tcqmix_MATE-2v4-9_seed0/tcqmix_20260525-203229.pt,28,1058,-0.6685937529837247,0.26949432892249525,0.6640583459898535,33.72495274102079,0.2841367359798362,MATE-8v8-9,0
checkpoints/tcqmix_MATE-2v4-9/tcqmix_MATE-2v4-9_seed0/tcqmix_20260525-203229.pt,29,1205,-0.7185937493486563,0.27105809128630703,0.7164531019900046,35.79087136929461,0.2404346967002569,MATE-8v8-9,0
checkpoints/tcqmix_MATE-2v4-9/tcqmix_MATE-2v4-9_seed0/tcqmix_20260525-203229.pt,0,1211,-0.7107812524482142,0.2748761354252684,0.6620308346602386,32.660611065235344,0.22746844402500882,MATE-8v8-9,1
checkpoints/tcqmix_MATE-2v4-9/tcqmix_MATE-2v4-9_seed0/tcqmix_20260525-203229.pt,1,1122,-0.6201562518835999,0.33288770053475936,0.6406505315259216,34.50445632798574,0.3460911637382226,MATE-8v8-9,1
checkpoints/tcqmix_MATE-2v4-9/tcqmix_MATE-2v4-9_seed0/tcqmix_20260525-203229.pt,2,1272,-0.7515625013911631,0.20509040880503146,0.7618543334336947,36.64622641509434,0.2093197813716682,MATE-8v8-9,1
checkpoints/tcqmix_MATE-2v4-9/tcqmix_MATE-2v4-9_seed0/tcqmix_20260525-203229.pt,3,1064,-0.6487500004877802,0.3056860902255639,0.6390301773764939,31.905075187969924,0.3180686090225564,MATE-8v8-9,1
checkpoints/tcqmix_MATE-2v4-9/tcqmix_MATE-2v4-9_seed0/tcqmix_20260525-203229.pt,4,1253,-0.7073437553044641,0.27284517158818833,0.6784956749306773,36.10614525139665,0.2583770379660244,MATE-8v8-9,1
checkpoints/tcqmix_MATE-2v4-9/tcqmix_MATE-2v4-9_seed0/tcqmix_20260525-203229.pt,5,1258,-0.6721875043440377,0.31180445151033387,0.6359213825847398,36.192368839427665,0.2797382466500113,MATE-8v8-9,1
checkpoints/tcqmix_MATE-2v4-9/tcqmix_MATE-2v4-9_seed0/tcqmix_20260525-203229.pt,6,1260,-0.6157812515157275,0.32470238095238096,0.6308087427090436,36.661904761904765,0.3131821617535903,MATE-8v8-9,1
checkpoints/tcqmix_MATE-2v4-9/tcqmix_MATE-2v4-9_seed0/tcqmix_20260525-203229.pt,7,1281,-0.7300000063405605,0.2427790788446526,0.7061468539619921,35.18891491022639,0.22782982045277128,MATE-8v8-9,1
checkpoints/tcqmix_MATE-2v4-9/tcqmix_MATE-2v4-9_seed0/tcqmix_20260525-203229.pt,8,1130,-0.691875003351015,0.2413716814159292,0.7241563000385807,34.19203539823009,0.28808891698272227,MATE-8v8-9,1
checkpoints/tcqmix_MATE-2v4-9/tcqmix_MATE-2v4-9_seed0/tcqmix_20260525-203229.pt,9,1198,-0.7217187523347093,0.2536519198664441,0.6980527330220123,37.17779632721202,0.21928909293266555,MATE-8v8-9,1
checkpoints/tcqmix_MATE-2v4-9/tcqmix_MATE-2v4-9_seed0/tcqmix_20260525-203229.pt,10,1457,-0.6985937541321618,0.2866334934797529,0.7419705352326122,39.35346602608099,0.2713542177337647,MATE-8v8-9,1
checkpoints/tcqmix_MATE-2v4-9/tcqmix_MATE-2v4-9_seed0/tcqmix_20260525-203229.pt,11,1361,-0.7890625032741809,0.22116091109478325,0.7654255157050199,36.4834680382072,0.16208495154123367,MATE-8v8-9,1
checkpoints/tcqmix_MATE-2v4-9/tcqmix_MATE-2v4-9_seed0/tcqmix_20260525-203229.pt,12,1258,-0.7500000011204975,0.21512321144674085,0.7101410549409799,35.7631160572337,0.20664792944204707,MATE-8v8-9,1
checkpoints/tcqmix_MATE-2v4-9/tcqmix_MATE-2v4-9_seed0/tcqmix_20260525-203229.pt,13,1238,-0.7321875027701026,0.26009693053311794,0.7516782923485816,38.11227786752827,0.25499653819524576,MATE-8v8-9,1
checkpoints/tcqmix_MATE-2v4-9/tcqmix_MATE-2v4-9_seed0/tcqmix_20260525-203229.pt,14,1367,-0.6470312505116453,0.31629480614484273,0.6389030708287718,37.891733723482076,0.28008586755843523,MATE-8v8-9,1
checkpoints/tcqmix_MATE-2v4-9/tcqmix_MATE-2v4-9_seed0/tcqmix_20260525-203229.pt,15,1038,-0.7340625054348493,0.27047206165703275,0.7490931545154511,32.85163776493256,0.22808285163776493,MATE-8v8-9,1
checkpoints/tcqmix_MATE-2v4-9/tcqmix_MATE-2v4-9_seed0/tcqmix_20260525-203229.pt,16,1121,-0.7429687574040145,0.2502230151650312,0.7276198771052486,34.49955396966994,0.24540907353128583,MATE-8v8-9,1
checkpoints/tcqmix_MATE-2v4-9/tcqmix_MATE-2v4-9_seed0/tcqmix_20260525-203229.pt,17,1288,-0.6392187490855576,0.3159937888198758,0.6598716550725191,37.70108695652174,0.28235266932860104,MATE-8v8-9,1
checkpoints/tcqmix_MATE-2v4-9/tcqmix_MATE-2v4-9_seed0/tcqmix_20260525-203229.pt,18,1155,-0.6434375006065238,0.2962121212121212,0.6717251965944557,34.10995670995671,0.30820037105751386,MATE-8v8-9,1
checkpoints/tcqmix_MATE-2v4-9/tcqmix_MATE-2v4-9_seed0/tcqmix_20260525-203229.pt,19,1046,-0.7667187489860225,0.22526290630975143,0.7370362561472308,32.717973231357554,0.21180005462988255,MATE-8v8-9,1
checkpoints/tcqmix_MATE-2v4-9/tcqmix_MATE-2v4-9_seed0/tcqmix_20260525-203229.pt,20,1226,-0.6900000012392411,0.2569331158238173,0.7091328050416745,36.848287112561174,0.25444243766021907,MATE-8v8-9,1
checkpoints/tcqmix_MATE-2v4-9/tcqmix_MATE-2v4-9_seed0/tcqmix_20260525-203229.pt,21,1235,-0.693437502355664,0.2871457489878543,0.6934468104927356,32.991902834008094,0.26018700597647965,MATE-8v8-9,1
checkpoints/tcqmix_MATE-2v4-9/tcqmix_MATE-2v4-9_seed0/tcqmix_20260525-203229.pt,22,1323,-0.6129687544307671,0.2897770219198791,0.6803757980384187,37.66893424036281,0.3461082316524493,MATE-8v8-9,1
checkpoints/tcqmix_MATE-2v4-9/tcqmix_MATE-2v4-9_seed0/tcqmix_20260525-203229.pt,23,1302,-0.6432812550483504,0.27668970814132104,0.6610711604476415,36.69585253456221,0.28862098602882014,MATE-8v8-9,1
checkpoints/tcqmix_MATE-2v4-9/tcqmix_MATE-2v4-9_seed0/tcqmix_20260525-203229.pt,24,1422,-0.5793749981821747,0.33139943741209565,0.5558912229574641,37.58579465541491,0.30933711740673764,MATE-8v8-9,1
checkpoints/tcqmix_MATE-2v4-9/tcqmix_MATE-2v4-9_seed0/tcqmix_20260525-203229.pt,25,1139,-0.7082812525186455,0.2689859525899912,0.6963376256795362,35.25373134328358,0.26318826037877835,MATE-8v8-9,1
checkpoints/tcqmix_MATE-2v4-9/tcqmix_MATE-2v4-9_seed0/tcqmix_20260525-203229.pt,26,1399,-0.7360937545163324,0.20389563974267333,0.722231290614353,38.55897069335239,0.20755897069335238,MATE-8v8-9,1
checkpoints/tcqmix_MATE-2v4-9/tcqmix_MATE-2v4-9_seed0/tcqmix_20260525-203229.pt,27,1096,-0.6642187556280987,0.31272810218978103,0.6432559422836469,33.541058394160586,0.2992820212026417,MATE-8v8-9,1
checkpoints/tcqmix_MATE-2v4-9/tcqmix_MATE-2v4-9_seed0/tcqmix_20260525-203229.pt,28,1329,-0.7215625032986281,0.2443566591422122,0.6861787189929449,35.36644093303236,0.22196961553620695,MATE-8v8-9,1
checkpoints/tcqmix_MATE-2v4-9/tcqmix_MATE-2v4-9_seed0/tcqmix_20260525-203229.pt,29,1042,-0.6801562502951128,0.29510556621880996,0.659879434884399,33.37236084452975,0.25789004661365506,MATE-8v8-9,1
checkpoints/tcqmix_MATE-2v4-9/tcqmix_MATE-2v4-9_seed0/tcqmix_20260525-203229.pt,0,1302,-0.6304687562951585,0.3160522273425499,0.6676982771608538,35.60215053763441,0.3094671201814059,MATE-8v8-9,2
checkpoints/tcqmix_MATE-2v4-9/tcqmix_MATE-2v4-9_seed0/tcqmix_20260525-203229.pt,1,1293,-0.6870312505343463,0.2572505800464037,0.6995266486317954,35.699149265274556,0.2743858873789268,MATE-8v8-9,2
checkpoints/tcqmix_MATE-2v4-9/tcqmix_MATE-2v4-9_seed0/tcqmix_20260525-203229.pt,2,1153,-0.6676562554202974,0.33813963573287076,0.6019048554031351,35.126626192541195,0.29423553463015734,MATE-8v8-9,2
checkpoints/tcqmix_MATE-2v4-9/tcqmix_MATE-2v4-9_seed0/tcqmix_20260525-203229.pt,3,1126,-0.6710937528550858,0.27575488454706926,0.6714279389264968,34.63232682060391,0.26405100228368433,MATE-8v8-9,2
checkpoints/tcqmix_MATE-2v4-9/tcqmix_MATE-2v4-9_seed0/tcqmix_20260525-203229.pt,4,1247,-0.6542187526792986,0.2743584603047314,0.5842917224390427,34.639935846030475,0.2725522205674571,MATE-8v8-9,2
checkpoints/tcqmix_MATE-2v4-9/tcqmix_MATE-2v4-9_seed0/tcqmix_20260525-203229.pt,5,1305,-0.6818750077218283,0.23093869731800767,0.7012884801684988,37.364750957854405,0.26766557197591684,MATE-8v8-9,2
checkpoints/tcqmix_MATE-2v4-9/tcqmix_MATE-2v4-9_seed0/tcqmix_20260525-203229.pt,6,1058,-0.6657812561752507,0.2924149338374291,0.7003558780435356,33.17202268431002,0.31057813484562063,MATE-8v8-9,2
checkpoints/tcqmix_MATE-2v4-9/tcqmix_MATE-2v4-9_seed0/tcqmix_20260525-203229.pt,7,1287,-0.6789062551688403,0.3004079254079254,0.6265415857415383,36.184149184149184,0.24905464905464902,MATE-8v8-9,2
checkpoints/tcqmix_MATE-2v4-9/tcqmix_MATE-2v4-9_seed0/tcqmix_20260525-203229.pt,8,1265,-0.6098437496693805,0.36106719367588935,0.6362630235599693,35.77470355731225,0.346133069828722,MATE-8v8-9,2
checkpoints/tcqmix_MATE-2v4-9/tcqmix_MATE-2v4-9_seed0/tcqmix_20260525-203229.pt,9,1343,-0.7592187566915527,0.2383655994043187,0.7846986612545478,38.21370067014148,0.21317501684217993,MATE-8v8-9,2
checkpoints/tcqmix_MATE-2v4-9/tcqmix_MATE-2v4-9_seed0/tcqmix_20260525-203229.pt,10,1391,-0.7446875107998494,0.24847232207045292,0.733752103924329,36.337886412652765,0.2164338776488309,MATE-8v8-9,2
checkpoints/tcqmix_MATE-2v4-9/tcqmix_MATE-2v4-9_seed0/tcqmix_20260525-203229.pt,11,1227,-0.653125000098953,0.33496332518337407,0.6783907838654235,36.78076609616952,0.3153228936236271,MATE-8v8-9,2
checkpoints/tcqmix_MATE-2v4-9/tcqmix_MATE-2v4-9_seed0/tcqmix_20260525-203229.pt,12,1170,-0.6765625051193638,0.3276709401709402,0.6917758219002793,35.50683760683761,0.2767063492063492,MATE-8v8-9,2
checkpoints/tcqmix_MATE-2v4-9/tcqmix_MATE-2v4-9_seed0/tcqmix_20260525-203229.pt,13,1018,-0.703750003449386,0.25171905697445973,0.7245725492708682,30.87819253438114,0.28226564692674716,MATE-8v8-9,2
checkpoints/tcqmix_MATE-2v4-9/tcqmix_MATE-2v4-9_seed0/tcqmix_20260525-203229.pt,14,1056,-0.7285937514243415,0.2638494318181818,0.7180507073775191,34.28977272727273,0.27314326298701297,MATE-8v8-9,2
checkpoints/tcqmix_MATE-2v4-9/tcqmix_MATE-2v4-9_seed0/tcqmix_20260525-203229.pt,15,1125,-0.7359375014930265,0.24466666666666667,0.6597397063320378,34.17777777777778,0.22096719576719576,MATE-8v8-9,2
checkpoints/tcqmix_MATE-2v4-9/tcqmix_MATE-2v4-9_seed0/tcqmix_20260525-203229.pt,16,1165,-0.6318750033242395,0.32381974248927037,0.6384297522387545,35.393991416309014,0.3114694461475577,MATE-8v8-9,2
checkpoints/tcqmix_MATE-2v4-9/tcqmix_MATE-2v4-9_seed0/tcqmix_20260525-203229.pt,17,1034,-0.6350000051606912,0.332325918762089,0.6351467699175158,32.216634429400386,0.32720595007829045,MATE-8v8-9,2
checkpoints/tcqmix_MATE-2v4-9/tcqmix_MATE-2v4-9_seed0/tcqmix_20260525-203229.pt,18,1417,-0.7351562588155502,0.25688073394495414,0.7493783337928084,38.12985179957657,0.2606327922841684,MATE-8v8-9,2
checkpoints/tcqmix_MATE-2v4-9/tcqmix_MATE-2v4-9_seed0/tcqmix_20260525-203229.pt,19,1322,-0.6448437479848508,0.3043683812405446,0.6887883540901714,36.200453857791224,0.3002836611195159,MATE-8v8-9,2
checkpoints/tcqmix_MATE-2v4-9/tcqmix_MATE-2v4-9_seed0/tcqmix_20260525-203229.pt,20,1186,-0.5876562479825225,0.35360455311973016,0.5587999697310322,36.83389544688027,0.34863687464867904,MATE-8v8-9,2
checkpoints/tcqmix_MATE-2v4-9/tcqmix_MATE-2v4-9_seed0/tcqmix_20260525-203229.pt,21,1287,-0.6910937526699854,0.2466006216006216,0.6909063564873291,36.3986013986014,0.25525955525955524,MATE-8v8-9,2
checkpoints/tcqmix_MATE-2v4-9/tcqmix_MATE-2v4-9_seed0/tcqmix_20260525-203229.pt,22,1353,-0.6281250046886271,0.26561345158906136,0.6523925593592252,37.00443458980045,0.31280575792770915,MATE-8v8-9,2
checkpoints/tcqmix_MATE-2v4-9/tcqmix_MATE-2v4-9_seed0/tcqmix_20260525-203229.pt,23,1176,-0.70593750126136,0.26732568027210885,0.7011215763970609,35.50765306122449,0.2708454810495627,MATE-8v8-9,2
checkpoints/tcqmix_MATE-2v4-9/tcqmix_MATE-2v4-9_seed0/tcqmix_20260525-203229.pt,24,1296,-0.6298437500809086,0.3277391975308642,0.628084671009466,35.52546296296296,0.28732087742504403,MATE-8v8-9,2
checkpoints/tcqmix_MATE-2v4-9/tcqmix_MATE-2v4-9_seed0/tcqmix_20260525-203229.pt,25,1194,-0.686250002196175,0.2821398659966499,0.6811758785910643,35.58877721943048,0.22891939858020263,MATE-8v8-9,2
checkpoints/tcqmix_MATE-2v4-9/tcqmix_MATE-2v4-9_seed0/tcqmix_20260525-203229.pt,26,1130,-0.7362500026065391,0.19922566371681416,0.7473485928435759,33.663716814159294,0.2557975136957438,MATE-8v8-9,2
checkpoints/tcqmix_MATE-2v4-9/tcqmix_MATE-2v4-9_seed0/tcqmix_20260525-203229.pt,27,1506,-0.6954687526158523,0.2453519256308101,0.6654279325972651,38.89508632138114,0.2271801682160248,MATE-8v8-9,2
checkpoints/tcqmix_MATE-2v4-9/tcqmix_MATE-2v4-9_seed0/tcqmix_20260525-203229.pt,28,1268,-0.7501562527613714,0.22643927444794953,0.7598375556721841,38.9897476340694,0.2613930824695809,MATE-8v8-9,2
checkpoints/tcqmix_MATE-2v4-9/tcqmix_MATE-2v4-9_seed0/tcqmix_20260525-203229.pt,29,1299,-0.625937502089073,0.31793687451886066,0.6191403048120828,36.50423402617398,0.33703398218409764,MATE-8v8-9,2
